agent,time,x,y,z,original_x,original_y,original_z,distance,threshold,applied_force
0,0.0,0.0,0.0,0.0,0.0,0.0,0.0,19.0,-9.0,0.0
1,0.0,0.0,19.0,0.0,0.0,19.0,0.0,19.0,-9.0,0.0
2,0.0,10.0,10.0,0.0,10.0,10.0,0.0,14.142135623730951,-6.5710678118654755,0.0
3,0.0,19.0,0.0,0.0,19.0,0.0,0.0,19.0,-9.0,0.0
0,0.2,0.2,0.0,0.0,0.2,0.0,0.0,19.0,-9.0,0.0
1,0.2,0.2,19.0,0.0,0.2,19.0,0.0,19.0,-9.0,0.0
2,0.2,10.0,10.0,0.2,10.0,10.0,0.2,14.002856851371437,-6.501428425685718,0.0
3,0.2,18.8,0.0,0.0,18.8,0.0,0.0,18.6,-8.8,0.0
0,0.4,0.4,0.0,0.0,0.4,0.0,0.0,19.0,-9.0,0.0
1,0.4,0.4,19.0,0.0,0.4,19.0,0.0,19.0,-9.0,0.0
2,0.4,10.0,10.0,0.4,10.0,10.0,0.4,13.867948658687773,-6.4339743293438865,0.0
3,0.4,18.6,0.0,0.0,18.6,0.0,0.0,18.200000000000003,-8.600000000000001,0.0
0,0.6,0.6,0.0,0.0,0.6,0.0,0.0,19.0,-9.0,0.0
1,0.6,0.6,19.0,0.0,0.6,19.0,0.0,19.0,-9.0,0.0
2,0.6,10.0,10.0,0.6,10.0,10.0,0.6,13.73753980885952,-6.36876990442976,0.0
3,0.6,18.4,0.0,0.0,18.4,0.0,0.0,17.799999999999997,-8.399999999999999,0.0
0,0.8,0.8,0.0,0.0,0.8,0.0,0.0,19.0,-9.0,0.0
1,0.8,0.8,19.0,0.0,0.8,19.0,0.0,19.0,-9.0,0.0
2,0.8,10.0,10.0,0.8,10.0,10.0,0.8,13.611759621738843,-6.305879810869421,0.0
3,0.8,18.2,0.0,0.0,18.2,0.0,0.0,17.4,-8.2,0.0
0,1.0,1.0,0.0,0.0,1.0,0.0,0.0,19.0,-9.0,0.0
1,1.0,1.0,19.0,0.0,1.0,19.0,0.0,19.0,-9.0,0.0
2,1.0,10.0,10.0,1.0,10.0,10.0,1.0,13.490737563232042,-6.245368781616021,0.0
3,1.0,18.0,0.0,0.0,18.0,0.0,0.0,17.0,-8.0,0.0
0,1.2,1.2,0.0,0.0,1.2,0.0,0.0,19.0,-9.0,0.0
1,1.2,1.2,19.0,0.0,1.2,19.0,0.0,19.0,-9.0,0.0
2,1.2,10.0,10.0,1.2,10.0,10.0,1.2,13.37460279784039,-6.187301398920195,0.0
3,1.2,17.8,0.0,0.0,17.8,0.0,0.0,16.6,-7.800000000000001,0.0
0,1.4,1.4,0.0,0.0,1.4,0.0,0.0,19.0,-9.0,0.0
1,1.4,1.4,19.0,0.0,1.4,19.0,0.0,19.0,-9.0,0.0
2,1.4,10.0,10.0,1.4,10.0,10.0,1.4,13.263483705271401,-6.131741852635701,0.0
3,1.4,17.6,0.0,0.0,17.6,0.0,0.0,16.200000000000003,-7.600000000000001,0.0
0,1.6,1.6,0.0,0.0,1.6,0.0,0.0,19.0,-9.0,0.0
1,1.6,1.6,19.0,0.0,1.6,19.0,0.0,19.0,-9.0,0.0
2,1.6,10.0,10.0,1.6,10.0,10.0,1.6,13.157507362718821,-6.0787536813594105,0.0
3,1.6,17.4,0.0,0.0,17.4,0.0,0.0,15.799999999999999,-7.3999999999999995,0.0
0,1.8,1.8,0.0,0.0,1.8,0.0,0.0,19.0,-9.0,0.0
1,1.8,1.8,19.0,0.0,1.8,19.0,0.0,19.0,-9.0,0.0
2,1.8,10.0,10.0,1.8,10.0,10.0,1.8,13.056798995159573,-6.0283994975797865,0.0
3,1.8,17.2,0.0,0.0,17.2,0.0,0.0,15.399999999999999,-7.199999999999999,0.0
0,2.0,2.0,0.0,0.0,2.0,0.0,0.0,19.0,-9.0,0.0
1,2.0,2.0,19.0,0.0,2.0,19.0,0.0,19.0,-9.0,0.0
2,2.0,10.0,10.0,2.0,10.0,10.0,2.0,12.96148139681572,-5.98074069840786,0.0
3,2.0,17.0,0.0,0.0,17.0,0.0,0.0,15.0,-7.0,0.0
0,2.2,2.2,0.0,0.0,2.2,0.0,0.0,19.0,-9.0,0.0
1,2.2,2.2,19.0,0.0,2.2,19.0,0.0,19.0,-9.0,0.0
2,2.2,10.0,10.0,2.2,10.0,10.0,2.2,12.87167432776327,-5.935837163881635,0.0
3,2.2,16.8,0.0,0.0,16.8,0.0,0.0,14.600000000000001,-6.800000000000001,0.0
0,2.4,2.4,0.0,0.0,2.4,0.0,0.0,19.0,-9.0,0.0
1,2.4,2.4,19.0,0.0,2.4,19.0,0.0,19.0,-9.0,0.0
2,2.4,10.0,10.0,2.4,10.0,10.0,2.4,12.787493890516624,-5.893746945258312,0.0
3,2.4,16.6,0.0,0.0,16.6,0.0,0.0,14.200000000000001,-6.6000000000000005,0.0
0,2.6,2.6,0.0,0.0,2.6,0.0,0.0,19.0,-9.0,0.0
1,2.6,2.6,19.0,0.0,2.6,19.0,0.0,19.0,-9.0,0.0
2,2.6,10.0,10.0,2.6,10.0,10.0,2.6,12.709051892253804,-5.854525946126902,0.0
3,2.6,16.4,0.0,0.0,16.4,0.0,0.0,13.799999999999999,-6.3999999999999995,0.0
0,2.8,2.8,0.0,0.0,2.8,0.0,0.0,19.0,-9.0,0.0
1,2.8,2.8,19.0,0.0,2.8,19.0,0.0,19.0,-9.0,0.0
2,2.8,10.0,10.0,2.8,10.0,10.0,2.8,12.636455199145052,-5.818227599572526,0.0
3,2.8,16.2,0.0,0.0,16.2,0.0,0.0,13.399999999999999,-6.199999999999999,0.0
0,3.0,3.0,0.0,0.0,3.0,0.0,0.0,19.0,-9.0,0.0
1,3.0,3.0,19.0,0.0,3.0,19.0,0.0,19.0,-9.0,0.0
2,3.0,10.0,10.0,3.0,10.0,10.0,3.0,12.569805089976535,-5.784902544988268,0.0
3,3.0,16.0,0.0,0.0,16.0,0.0,0.0,13.0,-6.0,0.0
0,3.2,3.2,0.0,0.0,3.2,0.0,0.0,19.0,-9.0,0.0
1,3.2,3.2,19.0,0.0,3.2,19.0,0.0,19.0,-9.0,0.0
2,3.2,10.0,10.0,3.2,10.0,10.0,3.2,12.509196616889513,-5.7545983084447565,0.0
3,3.2,15.8,0.0,0.0,15.8,0.0,0.0,12.600000000000001,-5.800000000000001,0.0
0,3.4,3.4,0.0,0.0,3.4,0.0,0.0,19.0,-9.0,0.0
1,3.4,3.4,19.0,0.0,3.4,19.0,0.0,19.0,-9.0,0.0
2,3.4,10.0,10.0,3.4,10.0,10.0,3.4,12.454717981552212,-5.727358990776106,0.0
3,3.4,15.6,0.0,0.0,15.6,0.0,0.0,12.2,-5.6,0.0
0,3.6,3.6,0.0,0.0,3.6,0.0,0.0,19.0,-9.0,0.0
1,3.6,3.6,19.0,0.0,3.6,19.0,0.0,19.0,-9.0,0.0
2,3.6,10.0,10.0,3.6,10.0,10.0,3.6,12.406449935416658,-5.703224967708329,0.0
3,3.6,15.4,0.0,0.0,15.4,0.0,0.0,11.8,-5.4,0.0
0,3.8,3.8,0.0,0.0,3.8,0.0,0.0,19.0,-9.0,0.0
1,3.8,3.8,19.0,0.0,3.8,19.0,0.0,19.0,-9.0,0.0
2,3.8,10.0,10.0,3.8,10.0,10.0,3.8,12.364465212858985,-5.682232606429492,0.0
3,3.8,15.2,0.0,0.0,15.2,0.0,0.0,11.399999999999999,-5.199999999999999,0.0
0,4.0,4.0,0.0,0.0,4.0,0.0,0.0,19.0,-9.0,0.0
1,4.0,4.0,19.0,0.0,4.0,19.0,0.0,19.0,-9.0,0.0
2,4.0,10.0,10.0,4.0,10.0,10.0,4.0,12.328828005937952,-5.664414002968976,0.0
3,4.0,15.0,0.0,0.0,15.0,0.0,0.0,11.0,-5.0,0.0
0,4.2,4.2,0.0,0.0,4.2,0.0,0.0,19.0,-9.0,0.0
1,4.2,4.2,19.0,0.0,4.2,19.0,0.0,19.0,-9.0,0.0
2,4.2,10.0,10.0,4.2,10.0,10.0,4.2,12.299593489217438,-5.649796744608719,0.0
3,4.2,14.8,0.0,0.0,14.8,0.0,0.0,10.600000000000001,-4.800000000000001,0.0
0,4.4,4.4,0.0,0.0,4.4,0.0,0.0,19.0,-9.0,0.0
1,4.4,4.4,19.0,0.0,4.4,19.0,0.0,19.0,-9.0,0.0
2,4.4,10.0,10.0,4.4,10.0,10.0,4.4,12.276807402578244,-5.638403701289122,0.0
3,4.4,14.6,0.0,0.0,14.6,0.0,0.0,10.2,-4.6,0.0
0,4.6,4.6,0.0,0.0,4.6,0.0,0.0,19.0,-9.0,0.0
1,4.6,4.6,19.0,0.0,4.6,19.0,0.0,19.0,-9.0,0.0
2,4.6,10.0,10.0,4.6,10.0,10.0,4.6,12.260505699195281,-5.630252849597641,0.0
3,4.6,14.4,0.0,0.0,14.4,0.0,0.0,9.8,-4.4,0.0
0,4.8,4.8,0.0,0.0,4.8,0.0,0.0,19.0,-9.0,0.0
1,4.8,4.8,19.0,0.0,4.8,19.0,0.0,19.0,-9.0,0.0
2,4.8,10.0,10.0,4.8,10.0,10.0,4.8,12.250714264890844,-5.625357132445422,0.0
3,4.8,14.2,0.0,0.0,14.2,0.0,0.0,9.399999999999999,-4.199999999999999,0.0
0,5.0,5.0,0.0,0.0,5.0,0.0,0.0,19.0,-9.0,0.0
1,5.0,5.0,19.0,0.0,5.0,19.0,0.0,19.0,-9.0,0.0
2,5.0,10.0,10.0,5.0,10.0,10.0,5.0,12.24744871391589,-5.623724356957945,0.0
3,5.0,14.0,0.0,0.0,14.0,0.0,0.0,9.0,-4.0,0.0
0,5.2,5.2,0.0,0.0,5.2,0.0,0.0,19.0,-9.0,0.0
1,5.2,5.2,19.0,0.0,5.2,19.0,0.0,19.0,-9.0,0.0
2,5.2,10.0,10.0,5.2,10.0,10.0,5.2,12.250714264890842,-5.625357132445421,0.0
3,5.2,13.8,0.0,0.0,13.8,0.0,0.0,8.600000000000001,-3.8000000000000007,0.0
0,5.4,5.4,0.0,0.0,5.4,0.0,0.0,19.0,-9.0,0.0
1,5.4,5.4,19.0,0.0,5.4,19.0,0.0,19.0,-9.0,0.0
2,5.4,10.0,10.0,5.4,10.0,10.0,5.4,12.260505699195281,-5.630252849597641,0.0
3,5.4,13.6,0.0,0.0,13.6,0.0,0.0,8.2,-3.5999999999999996,0.0
0,5.6,5.6,0.0,0.0,5.6,0.0,0.0,19.0,-9.0,0.0
1,5.6,5.6,19.0,0.0,5.6,19.0,0.0,19.0,-9.0,0.0
2,5.6,10.0,10.0,5.6,10.0,10.0,5.6,12.276807402578244,-5.638403701289122,0.0
3,5.6,13.4,0.0,0.0,13.4,0.0,0.0,7.800000000000001,-3.4000000000000004,0.0
0,5.8,5.8,0.0,0.0,5.8,0.0,0.0,19.0,-9.0,0.0
1,5.8,5.8,19.0,0.0,5.8,19.0,0.0,19.0,-9.0,0.0
2,5.8,10.0,10.0,5.8,10.0,10.0,5.8,12.299593489217438,-5.649796744608719,0.0
3,5.8,13.2,0.0,0.0,13.2,0.0,0.0,7.3999999999999995,-3.1999999999999997,0.0
0,6.0,6.0,0.0,0.0,6.0,0.0,0.0,19.0,-9.0,0.0
1,6.0,6.0,19.0,0.0,6.0,19.0,0.0,19.0,-9.0,0.0
2,6.0,10.0,10.0,6.0,10.0,10.0,6.0,12.328828005937952,-5.664414002968976,0.0
3,6.0,13.0,0.0,0.0,13.0,0.0,0.0,7.0,-3.0,0.0
0,6.2,6.2,0.0,0.0,6.2,0.0,0.0,19.0,-9.0,0.0
1,6.2,6.2,19.0,0.0,6.2,19.0,0.0,19.0,-9.0,0.0
2,6.2,10.0,10.0,6.2,10.0,10.0,6.2,12.364465212858985,-5.682232606429492,0.0
3,6.2,12.8,0.0,0.0,12.8,0.0,0.0,6.6000000000000005,-2.8000000000000003,0.0
0,6.4,6.4,0.0,0.0,6.4,0.0,0.0,19.0,-9.0,0.0
1,6.4,6.4,19.0,0.0,6.4,19.0,0.0,19.0,-9.0,0.0
2,6.4,10.0,10.0,6.4,10.0,10.0,6.4,12.406449935416658,-5.703224967708329,0.0
3,6.4,12.6,0.0,0.0,12.6,0.0,0.0,6.199999999999999,-2.5999999999999996,0.0
0,6.6,6.6,0.0,0.0,6.6,0.0,0.0,19.0,-9.0,0.0
1,6.6,6.6,19.0,0.0,6.6,19.0,0.0,19.0,-9.0,0.0
2,6.6,10.0,10.0,6.6,10.0,10.0,6.6,12.454717981552212,-5.727358990776106,0.0
3,6.6,12.4,0.0,0.0,12.4,0.0,0.0,5.800000000000001,-2.4000000000000004,0.0
0,6.8,6.8,0.0,0.0,6.8,0.0,0.0,19.0,-9.0,0.0
1,6.8,6.8,19.0,0.0,6.8,19.0,0.0,19.0,-9.0,0.0
2,6.8,10.0,10.0,6.8,10.0,10.0,6.8,12.509196616889513,-5.7545983084447565,0.0
3,6.8,12.2,0.0,0.0,12.2,0.0,0.0,5.3999999999999995,-2.1999999999999997,0.0
0,7.0,7.0,0.0,0.0,7.0,0.0,0.0,19.0,-9.0,0.0
1,7.0,7.0,19.0,0.0,7.0,19.0,0.0,19.0,-9.0,0.0
2,7.0,10.0,10.0,7.0,10.0,10.0,7.0,12.569805089976535,-5.784902544988268,0.0
3,7.0,12.0,0.0,0.0,12.0,0.0,0.0,5.0,-2.0,0.0
0,7.2,7.2,0.0,0.0,7.2,0.0,0.0,19.0,-9.0,0.0
1,7.2,7.2,19.0,0.0,7.2,19.0,0.0,19.0,-9.0,0.0
2,7.2,10.0,10.0,7.2,10.0,10.0,7.2,12.636455199145052,-5.818227599572526,0.0
3,7.2,11.8,0.0,0.0,11.8,0.0,0.0,4.6000000000000005,-1.8000000000000003,0.0
0,7.4,7.4,0.0,0.0,7.4,0.0,0.0,19.0,-9.0,0.0
1,7.4,7.4,19.0,0.0,7.4,19.0,0.0,19.0,-9.0,0.0
2,7.4,10.0,10.0,7.4,10.0,10.0,7.4,12.709051892253804,-5.854525946126902,0.0
3,7.4,11.6,0.0,0.0,11.6,0.0,0.0,4.199999999999999,-1.5999999999999996,0.0
0,7.6,7.6,0.0,0.0,7.6,0.0,0.0,19.0,-9.0,0.0
1,7.6,7.6,19.0,0.0,7.6,19.0,0.0,19.0,-9.0,0.0
2,7.6,10.0,10.0,7.6,10.0,10.0,7.6,12.787493890516625,-5.893746945258313,0.0
3,7.6,11.4,0.0,0.0,11.4,0.0,0.0,3.8000000000000007,-1.4000000000000004,0.0
0,7.8,7.8,0.0,0.0,7.8,0.0,0.0,19.0,-9.0,0.0
1,7.8,7.8,19.0,0.0,7.8,19.0,0.0,19.0,-9.0,0.0
2,7.8,10.0,10.0,7.8,10.0,10.0,7.8,12.87167432776327,-5.935837163881635,0.0
3,7.8,11.2,0.0,0.0,11.2,0.0,0.0,3.3999999999999995,-1.1999999999999997,0.0
0,8.0,8.0,0.0,0.0,8.0,0.0,0.0,19.0,-9.0,0.0
1,8.0,8.0,19.0,0.0,8.0,19.0,0.0,19.0,-9.0,0.0
2,8.0,10.0,10.0,8.0,10.0,10.0,8.0,12.96148139681572,-5.98074069840786,0.0
3,8.0,11.0,0.0,0.0,11.0,0.0,0.0,3.0,-1.0,0.0
0,8.2,8.2,0.0,0.0,8.2,0.0,0.0,19.0,-9.0,0.0
1,8.2,8.2,19.0,0.0,8.2,19.0,0.0,19.0,-9.0,0.0
2,8.2,10.0,10.0,8.2,10.0,10.0,8.2,13.056798995159573,-6.0283994975797865,0.0
3,8.2,10.8,0.0,0.0,10.8,0.0,0.0,2.6000000000000014,-0.8000000000000007,0.0
0,8.4,8.4,0.0,0.0,8.4,0.0,0.0,19.0,-9.0,0.0
1,8.4,8.4,19.0,0.0,8.4,19.0,0.0,19.0,-9.0,0.0
2,8.4,10.0,10.0,8.4,10.0,10.0,8.4,13.157507362718821,-6.0787536813594105,0.0
3,8.4,10.6,0.0,0.0,10.6,0.0,0.0,2.1999999999999993,-0.5999999999999996,0.0
0,8.6,8.6,0.0,0.0,8.6,0.0,0.0,19.0,-9.0,0.0
1,8.6,8.6,19.0,0.0,8.6,19.0,0.0,19.0,-9.0,0.0
2,8.6,10.0,10.0,8.6,10.0,10.0,8.6,13.263483705271403,-6.1317418526357015,0.0
3,8.6,10.4,0.0,0.0,10.4,0.0,0.0,1.8000000000000007,-0.40000000000000036,0.0
0,8.8,8.8,0.0,0.0,8.8,0.0,0.0,19.0,-9.0,0.0
1,8.8,8.8,19.0,0.0,8.8,19.0,0.0,19.0,-9.0,0.0
2,8.8,10.0,10.0,8.8,10.0,10.0,8.8,13.37460279784039,-6.187301398920195,0.0
3,8.8,10.2,0.0,0.0,10.2,0.0,0.0,1.3999999999999986,-0.1999999999999993,0.0
0,9.0,9.0,0.0,0.0,9.0,0.0,0.0,19.0,-9.0,0.0
1,9.0,9.0,19.0,0.0,9.0,19.0,0.0,19.0,-9.0,0.0
2,9.0,10.0,10.0,9.0,10.0,10.0,9.0,13.490737563232042,-6.245368781616021,0.0
3,9.0,10.0,0.0,0.0,10.0,0.0,0.0,1.0,0.0,0.0
0,9.2,9.0,0.2,0.0,9.0,0.2,0.0,18.801063799689636,-8.900531899844818,0.0
0,9.2,8.908957249956401,0.22276068751089984,0.0,9.0,0.2,0.0,0.8246211251235328,0.0876894374382336,0.1876894374382336
1,9.2,9.2,19.0,0.0,9.2,19.0,0.0,18.801063799689636,-8.900531899844818,0.0
2,9.2,10.0,10.0,9.2,10.0,10.0,9.2,13.478872356395398,-6.239436178197699,0.0
3,9.2,9.8910427500436,-0.02276068751089983,0.0,9.8,0.0,0.0,0.8246211251235328,0.0876894374382336,0.1876894374382336
0,9.4,9.0,0.4,0.0,9.0,0.4,0.0,18.604300578092154,-8.802150289046077,0.0
0,9.4,8.900384911698646,0.4664100588675688,0.0,9.0,0.4,0.0,0.7211102550927976,0.1394448724536012,0.23944487245360122
1,9.4,9.4,19.0,0.0,9.4,19.0,0.0,18.604300578092154,-8.802150289046077,0.0
2,9.4,10.0,10.0,9.4,10.0,10.0,9.4,13.472935834479433,-6.236467917239716,0.0
3,9.4,9.699615088301353,-0.0664100588675688,0.0,9.6,0.0,0.0,0.7211102550927976,0.1394448724536012,0.23944487245360122
0,9.6,9.0,0.6,0.0,9.0,0.6,0.0,18.40978000954927,-8.704890004774635,0.0
0,9.6,8.933589941132432,0.699615088301353,0.0,9.0,0.6,0.0,0.721110255092798,0.139444872453601,0.239444872453601
1,9.6,9.6,19.0,0.0,9.6,19.0,0.0,18.40978000954927,-8.704890004774635,0.0
2,9.6,10.0,10.0,9.6,10.0,10.0,9.6,13.472935834479433,-6.236467917239716,0.0
3,9.6,9.466410058867568,-0.09961508830135304,0.0,9.4,0.0,0.0,0.721110255092798,0.139444872453601,0.239444872453601
0,9.8,9.0,0.8,0.0,9.0,0.8,0.0,18.2175739328814,-8.6087869664407,0.0
0,9.8,8.9772393124891,0.8910427500435997,0.0,9.0,0.8,0.0,0.824621125123532,0.08768943743823399,0.187689437438234
1,9.8,9.8,19.0,0.0,9.8,19.0,0.0,18.2175739328814,-8.6087869664407,0.0
2,9.8,10.0,10.0,9.8,10.0,10.0,9.8,13.478872356395398,-6.239436178197699,0.0
3,9.8,9.222760687510899,-0.09104275004359962,0.0,9.2,0.0,0.0,0.824621125123532,0.08768943743823399,0.187689437438234
0,10.0,9.0,1.0,0.0,9.0,1.0,0.0,18.027756377319946,-8.513878188659973,0.0
1,10.0,10.0,19.0,0.0,10.0,19.0,0.0,18.027756377319946,-8.513878188659973,0.0
2,10.0,10.0,10.0,10.0,10.0,10.0,10.0,13.490737563232042,-6.245368781616021,0.0
3,10.0,9.0,0.0,0.0,9.0,0.0,0.0,1.0,0.0,0.0
0,10.2,9.2,1.0,0.0,9.2,1.0,0.0,18.027756377319946,-8.513878188659973,0.0
1,10.2,10.2,19.0,0.0,10.2,19.0,0.0,18.027756377319946,-8.513878188659973,0.0
2,10.2,10.0,10.0,10.2,10.0,10.0,10.2,13.62644487751666,-6.31322243875833,0.0
3,10.2,8.8,0.0,0.0,8.8,0.0,0.0,1.0770329614269003,-0.03851648071345015,0.0
0,10.4,9.4,1.0,0.0,9.4,1.0,0.0,18.027756377319946,-8.513878188659973,0.0
1,10.4,10.4,19.0,0.0,10.4,19.0,0.0,18.027756377319946,-8.513878188659973,0.0
2,10.4,10.0,10.0,10.4,10.0,10.0,10.4,13.766626311482419,-6.3833131557412095,0.0
3,10.4,8.6,0.0,0.0,8.6,0.0,0.0,1.2806248474865702,-0.14031242374328512,0.0
0,10.6,9.6,1.0,0.0,9.6,1.0,0.0,18.027756377319946,-8.513878188659973,0.0
1,10.6,10.6,19.0,0.0,10.6,19.0,0.0,18.027756377319946,-8.513878188659973,0.0
2,10.6,10.0,10.0,10.6,10.0,10.0,10.6,13.91114660982336,-6.45557330491168,0.0
3,10.6,8.4,0.0,0.0,8.4,0.0,0.0,1.5620499351813304,-0.2810249675906652,0.0
0,10.8,9.8,1.0,0.0,9.8,1.0,0.0,18.027756377319946,-8.513878188659973,0.0
1,10.8,10.8,19.0,0.0,10.8,19.0,0.0,18.027756377319946,-8.513878188659973,0.0
2,10.8,10.0,10.0,10.8,10.0,10.0,10.8,14.05987197665754,-6.52993598832877,0.0
3,10.8,8.2,0.0,0.0,8.2,0.0,0.0,1.886796226411322,-0.443398113205661,0.0
0,11.0,10.0,1.0,0.0,10.0,1.0,0.0,18.027756377319946,-8.513878188659973,0.0
1,11.0,11.0,19.0,0.0,11.0,19.0,0.0,18.027756377319946,-8.513878188659973,0.0
2,11.0,10.0,10.0,11.0,10.0,10.0,11.0,14.212670403551895,-6.606335201775948,0.0
3,11.0,8.0,0.0,0.0,8.0,0.0,0.0,2.23606797749979,-0.6180339887498949,0.0
0,11.2,10.2,1.0,0.0,10.2,1.0,0.0,18.027756377319946,-8.513878188659973,0.0
1,11.2,11.2,19.0,0.0,11.2,19.0,0.0,18.027756377319946,-8.513878188659973,0.0
2,11.2,10.0,10.0,11.2,10.0,10.0,11.2,14.369411957348845,-6.6847059786744225,0.0
3,11.2,7.8,0.0,0.0,7.8,0.0,0.0,2.5999999999999996,-0.7999999999999998,0.0
0,11.4,10.4,1.0,0.0,10.4,1.0,0.0,18.027756377319946,-8.513878188659973,0.0
1,11.4,11.4,19.0,0.0,11.4,19.0,0.0,18.027756377319946,-8.513878188659973,0.0
2,11.4,10.0,10.0,11.4,10.0,10.0,11.4,14.529969029560938,-6.764984514780469,0.0
3,11.4,7.6,0.0,0.0,7.6,0.0,0.0,2.9732137494637016,-0.9866068747318508,0.0
0,11.6,10.6,1.0,0.0,10.6,1.0,0.0,18.027756377319946,-8.513878188659973,0.0
1,11.6,11.6,19.0,0.0,11.6,19.0,0.0,18.027756377319946,-8.513878188659973,0.0
2,11.6,10.0,10.0,11.6,10.0,10.0,11.6,14.694216549377513,-6.847108274688757,0.0
3,11.6,7.4,0.0,0.0,7.4,0.0,0.0,3.3526109228480414,-1.1763054614240207,0.0
0,11.8,10.8,1.0,0.0,10.8,1.0,0.0,18.027756377319946,-8.513878188659973,0.0
1,11.8,11.8,19.0,0.0,11.8,19.0,0.0,18.027756377319946,-8.513878188659973,0.0
2,11.8,10.0,10.0,11.8,10.0,10.0,11.8,14.862032162527438,-6.931016081263719,0.0
3,11.8,7.2,0.0,0.0,7.2,0.0,0.0,3.7363083384538816,-1.3681541692269408,0.0
0,12.0,11.0,1.0,0.0,11.0,1.0,0.0,18.027756377319946,-8.513878188659973,0.0
1,12.0,12.0,19.0,0.0,12.0,19.0,0.0,18.027756377319946,-8.513878188659973,0.0
2,12.0,10.0,10.0,12.0,10.0,10.0,12.0,15.033296378372908,-7.016648189186454,0.0
3,12.0,7.0,0.0,0.0,7.0,0.0,0.0,4.123105625617661,-1.5615528128088303,0.0
0,12.2,11.2,1.0,0.0,11.2,1.0,0.0,18.027756377319946,-8.513878188659973,0.0
1,12.2,12.2,19.0,0.0,12.2,19.0,0.0,18.027756377319946,-8.513878188659973,0.0
2,12.2,10.0,10.0,12.2,10.0,10.0,12.2,15.207892687680301,-7.103946343840151,0.0
3,12.2,6.8,0.0,0.0,6.8,0.0,0.0,4.512205669071391,-1.7561028345356955,0.0
0,12.4,11.4,1.0,0.0,11.4,1.0,0.0,18.027756377319946,-8.513878188659973,0.0
1,12.4,12.4,19.0,0.0,12.4,19.0,0.0,18.027756377319946,-8.513878188659973,0.0
2,12.4,10.0,10.0,12.4,10.0,10.0,12.4,15.385707653533522,-7.192853826766761,0.0
3,12.4,6.6,0.0,0.0,6.6,0.0,0.0,4.903060268852506,-1.9515301344262528,0.0
0,12.6,11.6,1.0,0.0,11.6,1.0,0.0,18.027756377319946,-8.513878188659973,0.0
1,12.6,12.6,19.0,0.0,12.6,19.0,0.0,18.027756377319946,-8.513878188659973,0.0
2,12.6,10.0,10.0,12.6,10.0,10.0,12.6,15.566630977832038,-7.283315488916019,0.0
3,12.6,6.4,0.0,0.0,6.4,0.0,0.0,5.29528091794949,-2.147640458974745,0.0
0,12.8,11.8,1.0,0.0,11.8,1.0,0.0,18.027756377319946,-8.513878188659973,0.0
1,12.8,12.8,19.0,0.0,12.8,19.0,0.0,18.027756377319946,-8.513878188659973,0.0
2,12.8,10.0,10.0,12.8,10.0,10.0,12.8,15.750555545757745,-7.3752777728788725,0.0
3,12.8,6.2,0.0,0.0,6.2,0.0,0.0,5.688585061331158,-2.344292530665579,0.0
0,13.0,12.0,1.0,0.0,12.0,1.0,0.0,18.027756377319946,-8.513878188659973,0.0
1,13.0,13.0,19.0,0.0,13.0,19.0,0.0,18.027756377319946,-8.513878188659973,0.0
2,13.0,10.0,10.0,13.0,10.0,10.0,13.0,15.937377450509228,-7.468688725254614,0.0
3,13.0,6.0,0.0,0.0,6.0,0.0,0.0,6.082762530298219,-2.5413812651491097,0.0
0,13.2,12.2,1.0,0.0,12.2,1.0,0.0,18.027756377319946,-8.513878188659973,0.0
1,13.2,13.2,19.0,0.0,13.2,19.0,0.0,18.027756377319946,-8.513878188659973,0.0
2,13.2,10.0,10.0,13.2,10.0,10.0,13.2,16.126996000495566,-7.563498000247783,0.0
3,13.2,5.8,0.0,0.0,5.8,0.0,0.0,6.477653896280659,-2.7388269481403293,0.0
0,13.4,12.4,1.0,0.0,12.4,1.0,0.0,18.027756377319946,-8.513878188659973,0.0
1,13.4,13.4,19.0,0.0,13.4,19.0,0.0,18.027756377319946,-8.513878188659973,0.0
2,13.4,10.0,10.0,13.4,10.0,10.0,13.4,16.31931371106028,-7.659656855530139,0.0
3,13.4,5.6,0.0,0.0,5.6,0.0,0.0,6.8731361109758335,-2.9365680554879168,0.0
0,13.6,12.6,1.0,0.0,12.6,1.0,0.0,18.027756377319946,-8.513878188659973,0.0
1,13.6,13.6,19.0,0.0,13.6,19.0,0.0,18.027756377319946,-8.513878188659973,0.0
2,13.6,10.0,10.0,13.6,10.0,10.0,13.6,16.51423628267441,-7.757118141337205,0.0
3,13.6,5.4,0.0,0.0,5.4,0.0,0.0,7.269112738154498,-3.134556369077249,0.0
0,13.8,12.8,1.0,0.0,12.8,1.0,0.0,18.027756377319946,-8.513878188659973,0.0
1,13.8,13.8,19.0,0.0,13.8,19.0,0.0,18.027756377319946,-8.513878188659973,0.0
2,13.8,10.0,10.0,13.8,10.0,10.0,13.8,16.71167256740031,-7.855836283700155,0.0
3,13.8,5.2,0.0,0.0,5.2,0.0,0.0,7.66550715869472,-3.33275357934736,0.0
0,14.0,13.0,1.0,0.0,13.0,1.0,0.0,18.027756377319946,-8.513878188659973,0.0
1,14.0,14.0,19.0,0.0,14.0,19.0,0.0,18.027756377319946,-8.513878188659973,0.0
2,14.0,10.0,10.0,14.0,10.0,10.0,14.0,16.911534525287763,-7.955767262643882,0.0
3,14.0,5.0,0.0,0.0,5.0,0.0,0.0,8.06225774829855,-3.5311288741492746,0.0
0,14.2,13.2,1.0,0.0,13.2,1.0,0.0,18.027756377319946,-8.513878188659973,0.0
1,14.2,14.2,19.0,0.0,14.2,19.0,0.0,18.027756377319946,-8.513878188659973,0.0
2,14.2,10.0,10.0,14.2,10.0,10.0,14.2,17.113737172225125,-8.056868586112563,0.0
3,14.2,4.8,0.0,0.0,4.8,0.0,0.0,8.45931439302264,-3.7296571965113197,0.0
0,14.4,13.4,1.0,0.0,13.4,1.0,0.0,18.027756377319946,-8.513878188659973,0.0
1,14.4,14.4,19.0,0.0,14.4,19.0,0.0,18.027756377319946,-8.513878188659973,0.0
2,14.4,10.0,10.0,14.4,10.0,10.0,14.4,17.318198520631412,-8.159099260315706,0.0
3,14.4,4.6,0.0,0.0,4.6,0.0,0.0,8.856635930193812,-3.9283179650969062,0.0
0,14.6,13.6,1.0,0.0,13.6,1.0,0.0,18.027756377319946,-8.513878188659973,0.0
1,14.6,14.6,19.0,0.0,14.6,19.0,0.0,18.027756377319946,-8.513878188659973,0.0
2,14.6,10.0,10.0,14.6,10.0,10.0,14.6,17.524839514243777,-8.262419757121888,0.0
3,14.6,4.4,0.0,0.0,4.4,0.0,0.0,9.25418824100742,-4.12709412050371,0.0
0,14.8,13.8,1.0,0.0,13.8,1.0,0.0,18.027756377319946,-8.513878188659973,0.0
1,14.8,14.8,19.0,0.0,14.8,19.0,0.0,18.027756377319946,-8.513878188659973,0.0
2,14.8,10.0,10.0,14.8,10.0,10.0,14.8,17.733583958128712,-8.366791979064356,0.0
3,14.8,4.2,0.0,0.0,4.2,0.0,0.0,9.651942809610924,-4.325971404805462,0.0
0,15.0,14.0,1.0,0.0,14.0,1.0,0.0,18.027756377319946,-8.513878188659973,0.0
1,15.0,15.0,19.0,0.0,15.0,19.0,0.0,18.027756377319946,-8.513878188659973,0.0
2,15.0,10.0,10.0,15.0,10.0,10.0,15.0,17.944358444926362,-8.472179222463181,0.0
3,15.0,4.0,0.0,0.0,4.0,0.0,0.0,10.04987562112089,-4.524937810560445,0.0
0,15.2,14.2,1.0,0.0,14.2,1.0,0.0,18.027756377319946,-8.513878188659973,0.0
1,15.2,15.2,19.0,0.0,15.2,19.0,0.0,18.027756377319946,-8.513878188659973,0.0
2,15.2,10.0,10.0,15.2,10.0,10.0,15.2,18.15709227822561,-8.578546139112804,0.0
3,15.2,3.8,0.0,0.0,3.8,0.0,0.0,10.44796630928718,-4.72398315464359,0.0
0,15.4,14.4,1.0,0.0,14.4,1.0,0.0,18.027756377319946,-8.513878188659973,0.0
1,15.4,15.4,19.0,0.0,15.4,19.0,0.0,18.027756377319946,-8.513878188659973,0.0
2,15.4,10.0,10.0,15.4,10.0,10.0,15.4,18.371717393863864,-8.685858696931932,0.0
3,15.4,3.6,0.0,0.0,3.6,0.0,0.0,10.846197490365,-4.9230987451825,0.0
0,15.6,14.6,1.0,0.0,14.6,1.0,0.0,18.027756377319946,-8.513878188659973,0.0
1,15.6,15.6,19.0,0.0,15.6,19.0,0.0,18.027756377319946,-8.513878188659973,0.0
2,15.6,10.0,10.0,15.6,10.0,10.0,15.6,18.588168279849416,-8.794084139924708,0.0
3,15.6,3.4,0.0,0.0,3.4,0.0,0.0,11.244554237496477,-5.122277118748238,0.0
0,15.8,14.8,1.0,0.0,14.8,1.0,0.0,18.027756377319946,-8.513878188659973,0.0
1,15.8,15.8,19.0,0.0,15.8,19.0,0.0,18.027756377319946,-8.513878188659973,0.0
2,15.8,10.0,10.0,15.8,10.0,10.0,15.8,18.806381895516214,-8.903190947758107,0.0
3,15.8,3.2,0.0,0.0,3.2,0.0,0.0,11.643023662262308,-5.321511831131154,0.0
0,16.0,15.0,1.0,0.0,15.0,1.0,0.0,18.027756377319946,-8.513878188659973,0.0
1,16.0,16.0,19.0,0.0,16.0,19.0,0.0,18.027756377319946,-8.513878188659973,0.0
2,16.0,10.0,10.0,16.0,10.0,10.0,16.0,19.026297590440446,-9.013148795220223,0.0
3,16.0,3.0,0.0,0.0,3.0,0.0,0.0,12.041594578792296,-5.520797289396148,0.0
0,16.2,15.2,1.0,0.0,15.2,1.0,0.0,18.027756377319946,-8.513878188659973,0.0
1,16.2,16.2,19.0,0.0,16.2,19.0,0.0,18.027756377319946,-8.513878188659973,0.0
2,16.2,10.0,10.0,16.2,10.0,10.0,16.2,19.247857023575378,-9.123928511787689,0.0
3,16.2,2.8,0.0,0.0,2.8,0.0,0.0,12.440257232067188,-5.720128616033594,0.0
0,16.4,15.4,1.0,0.0,15.4,1.0,0.0,18.027756377319946,-8.513878188659973,0.0
1,16.4,16.4,19.0,0.0,16.4,19.0,0.0,18.027756377319946,-8.513878188659973,0.0
2,16.4,10.0,10.0,16.4,10.0,10.0,16.4,19.471004082994796,-9.235502041497398,0.0
3,16.4,2.6,0.0,0.0,2.6,0.0,0.0,12.839003076563229,-5.919501538281614,0.0
0,16.6,15.6,1.0,0.0,15.6,1.0,0.0,18.027756377319946,-8.513878188659973,0.0
1,16.6,16.6,19.0,0.0,16.6,19.0,0.0,18.027756377319946,-8.513878188659973,0.0
2,16.6,10.0,10.0,16.6,10.0,10.0,16.6,19.69568480657629,-9.347842403288144,0.0
3,16.6,2.4,0.0,0.0,2.4,0.0,0.0,13.23782459469833,-6.118912297349165,0.0
0,16.8,15.8,1.0,0.0,15.8,1.0,0.0,18.027756377319946,-8.513878188659973,0.0
1,16.8,16.8,19.0,0.0,16.8,19.0,0.0,18.027756377319946,-8.513878188659973,0.0
2,16.8,10.0,10.0,16.8,10.0,10.0,16.8,19.921847303902318,-9.460923651951159,0.0
3,16.8,2.2,0.0,0.0,2.2,0.0,0.0,13.63671514698463,-6.318357573492315,0.0
0,17.0,16.0,1.0,0.0,16.0,1.0,0.0,18.027756377319946,-8.513878188659973,0.0
1,17.0,17.0,19.0,0.0,17.0,19.0,0.0,18.027756377319946,-8.513878188659973,0.0
2,17.0,10.0,10.0,17.0,10.0,10.0,17.0,20.149441679609886,-9.574720839804943,0.0
3,17.0,2.0,0.0,0.0,2.0,0.0,0.0,14.035668847618199,-6.5178344238090995,0.0
0,17.2,16.2,1.0,0.0,16.2,1.0,0.0,18.027756377319946,-8.513878188659973,0.0
1,17.2,17.2,19.0,0.0,17.2,19.0,0.0,18.027756377319946,-8.513878188659973,0.0
2,17.2,10.0,10.0,17.2,10.0,10.0,17.2,20.37841995837754,-9.68920997918877,0.0
3,17.2,1.8,0.0,0.0,1.8,0.0,0.0,14.434680460612904,-6.717340230306452,0.0
0,17.4,16.4,1.0,0.0,16.4,1.0,0.0,18.027756377319946,-8.513878188659973,0.0
1,17.4,17.4,19.0,0.0,17.4,19.0,0.0,18.027756377319946,-8.513878188659973,0.0
2,17.4,10.0,10.0,17.4,10.0,10.0,17.4,20.608736011701442,-9.804368005850721,0.0
3,17.4,1.6,0.0,0.0,1.6,0.0,0.0,14.833745312630926,-6.916872656315463,0.0
0,17.6,16.6,1.0,0.0,16.6,1.0,0.0,18.027756377319946,-8.513878188659973,0.0
1,17.6,17.6,19.0,0.0,17.6,19.0,0.0,18.027756377319946,-8.513878188659973,0.0
2,17.6,10.0,10.0,17.6,10.0,10.0,17.6,20.840345486579633,-9.920172743289816,0.0
3,17.6,1.4,0.0,0.0,1.4,0.0,0.0,15.232859219463693,-7.1164296097318465,0.0
0,17.8,16.8,1.0,0.0,16.8,1.0,0.0,18.027756377319946,-8.513878188659973,0.0
1,17.8,17.8,19.0,0.0,17.8,19.0,0.0,18.027756377319946,-8.513878188659973,0.0
2,17.8,10.0,10.0,17.8,10.0,10.0,17.8,21.073205736194957,-10.036602868097479,0.0
3,17.8,1.2,0.0,0.0,1.2,0.0,0.0,15.632018423735307,-7.316009211867653,0.0
0,18.0,17.0,1.0,0.0,17.0,1.0,0.0,18.027756377319946,-8.513878188659973,0.0
1,18.0,18.0,19.0,0.0,18.0,19.0,0.0,18.027756377319946,-8.513878188659973,0.0
2,18.0,10.0,10.0,18.0,10.0,10.0,18.0,21.307275752662516,-10.153637876331258,0.0
3,18.0,1.0,0.0,0.0,1.0,0.0,0.0,16.0312195418814,-7.515609770940699,0.0
0,18.2,17.2,1.0,0.0,17.2,1.0,0.0,18.027756377319946,-8.513878188659973,0.0
1,18.2,18.2,19.0,0.0,18.2,19.0,0.0,18.027756377319946,-8.513878188659973,0.0
2,18.2,10.0,10.0,18.2,10.0,10.0,18.2,21.54251610188559,-10.271258050942794,0.0
3,18.2,0.8,0.0,0.0,0.8,0.0,0.0,16.4304595188327,-7.715229759416349,0.0
0,18.4,17.4,1.0,0.0,17.4,1.0,0.0,18.027756377319946,-8.513878188659973,0.0
1,18.4,18.4,19.0,0.0,18.4,19.0,0.0,18.027756377319946,-8.513878188659973,0.0
2,18.4,10.0,10.0,18.4,10.0,10.0,18.4,21.778888860545663,-10.389444430272832,0.0
3,18.4,0.6,0.0,0.0,0.6,0.0,0.0,16.82973558912914,-7.91486779456457,0.0
0,18.6,17.6,1.0,0.0,17.6,1.0,0.0,18.027756377319946,-8.513878188659973,0.0
1,18.6,18.6,19.0,0.0,18.6,19.0,0.0,18.027756377319946,-8.513878188659973,0.0
2,18.6,10.0,10.0,18.6,10.0,10.0,18.6,22.016357555236063,-10.508178777618031,0.0
3,18.6,0.4,0.0,0.0,0.4,0.0,0.0,17.22904524342542,-8.11452262171271,0.0
0,18.8,17.8,1.0,0.0,17.8,1.0,0.0,18.027756377319946,-8.513878188659973,0.0
1,18.8,18.8,19.0,0.0,18.8,19.0,0.0,18.027756377319946,-8.513878188659973,0.0
2,18.8,10.0,10.0,18.8,10.0,10.0,18.8,22.254887103735218,-10.627443551867609,0.0
3,18.8,0.1999999999999999,0.0,0.0,0.1999999999999999,0.0,0.0,17.628386199536248,-8.314193099768124,0.0
0,19.0,18.0,1.0,0.0,18.0,1.0,0.0,18.027756377319946,-8.513878188659973,0.0
1,19.0,19.0,19.0,0.0,19.0,19.0,0.0,18.027756377319946,-8.513878188659973,0.0
2,19.0,10.0,10.0,19.0,10.0,10.0,19.0,22.494443758403985,-10.747221879201993,0.0
3,19.0,0.0,0.0,0.0,0.0,0.0,0.0,18.027756377319946,-8.513878188659973,0.0
0,19.2,18.2,1.0,0.0,18.2,1.0,0.0,17.81796845883391,-8.408984229416955,0.0
1,19.2,19.0,18.8,0.0,19.0,18.8,0.0,17.81796845883391,-8.408984229416955,0.0
2,19.2,10.0,10.0,19.0,10.0,10.0,19.0,22.566346625007778,-10.783173312503889,0.0
3,19.2,0.0,0.0,0.2,0.0,0.0,0.2,18.228549037155975,-8.614274518577988,0.0
0,19.4,18.4,1.0,0.0,18.4,1.0,0.0,17.610224302944015,-8.305112151472008,0.0
1,19.4,19.0,18.6,0.0,19.0,18.6,0.0,17.610224302944015,-8.305112151472008,0.0
2,19.4,10.0,10.0,19.0,10.0,10.0,19.0,22.639787984873003,-10.819893992436501,0.0
3,19.4,0.0,0.0,0.4,0.0,0.0,0.4,18.43149478474277,-8.715747392371386,0.0
0,19.6,18.6,1.0,0.0,18.6,1.0,0.0,17.40459709387149,-8.202298546935745,0.0
1,19.6,19.0,18.4,0.0,19.0,18.4,0.0,17.40459709387149,-8.202298546935745,0.0
2,19.6,10.0,10.0,19.0,10.0,10.0,19.0,22.714752915231106,-10.857376457615553,0.0
3,19.6,0.0,0.0,0.6,0.0,0.0,0.6,18.636523280912673,-8.818261640456337,0.0
0,19.8,18.8,1.0,0.0,18.8,1.0,0.0,17.201162751395614,-8.100581375697807,0.0
1,19.8,19.0,18.2,0.0,19.0,18.2,0.0,17.201162751395614,-8.100581375697807,0.0
2,19.8,10.0,10.0,19.0,10.0,10.0,19.0,22.791226382097125,-10.895613191048563,0.0
3,19.8,0.0,0.0,0.8,0.0,0.0,0.8,18.843566541395504,-8.921783270697752,0.0
0,20.0,19.0,1.0,0.0,19.0,1.0,0.0,17.0,-8.0,0.0
1,20.0,19.0,18.0,0.0,19.0,18.0,0.0,17.0,-8.0,0.0
2,20.0,10.0,10.0,19.0,10.0,10.0,19.0,22.869193252058544,-10.934596626029272,0.0
3,20.0,0.0,0.0,1.0,0.0,0.0,1.0,19.05255888325765,-9.026279441628825,0.0
0,20.2,19.0,1.2,0.0,19.0,1.2,0.0,16.6,-7.800000000000001,0.0
1,20.2,19.0,17.8,0.0,19.0,17.8,0.0,16.6,-7.800000000000001,0.0
2,20.2,10.0,10.0,19.0,10.0,10.0,19.0,22.791226382097125,-10.895613191048563,0.0
3,20.2,0.0,0.0,1.2,0.0,0.0,1.2,19.07563891459471,-9.037819457297354,0.0
0,20.4,19.0,1.4,0.0,19.0,1.4,0.0,16.200000000000003,-7.600000000000001,0.0
1,20.4,19.0,17.6,0.0,19.0,17.6,0.0,16.200000000000003,-7.600000000000001,0.0
2,20.4,10.0,10.0,19.0,10.0,10.0,19.0,22.714752915231106,-10.857376457615553,0.0
3,20.4,0.0,0.0,1.4,0.0,0.0,1.4,19.102879364116813,-9.051439682058406,0.0
0,20.6,19.0,1.6,0.0,19.0,1.6,0.0,15.799999999999999,-7.3999999999999995,0.0
1,20.6,19.0,17.4,0.0,19.0,17.4,0.0,15.799999999999999,-7.3999999999999995,0.0
2,20.6,10.0,10.0,19.0,10.0,10.0,19.0,22.639787984873003,-10.819893992436501,0.0
3,20.6,0.0,0.0,1.6,0.0,0.0,1.6,19.13426246292237,-9.067131231461184,0.0
0,20.8,19.0,1.8,0.0,19.0,1.8,0.0,15.399999999999999,-7.199999999999999,0.0
1,20.8,19.0,17.2,0.0,19.0,17.2,0.0,15.399999999999999,-7.199999999999999,0.0
2,20.8,10.0,10.0,19.0,10.0,10.0,19.0,22.566346625007778,-10.783173312503889,0.0
3,20.8,0.0,0.0,1.8,0.0,0.0,1.8,19.169767865052513,-9.084883932526257,0.0
0,21.0,19.0,2.0,0.0,19.0,2.0,0.0,15.0,-7.0,0.0
1,21.0,19.0,17.0,0.0,19.0,17.0,0.0,15.0,-7.0,0.0
2,21.0,10.0,10.0,19.0,10.0,10.0,19.0,22.494443758403985,-10.747221879201993,0.0
3,21.0,0.0,0.0,2.0,0.0,0.0,2.0,19.209372712298546,-9.104686356149273,0.0
0,21.2,19.0,2.2,0.0,19.0,2.2,0.0,14.600000000000001,-6.800000000000001,0.0
1,21.2,19.0,16.8,0.0,19.0,16.8,0.0,14.600000000000001,-6.800000000000001,0.0
2,21.2,10.0,10.0,19.0,10.0,10.0,19.0,22.424094184604204,-10.712047092302102,0.0
3,21.2,0.0,0.0,2.2,0.0,0.0,2.2,19.253051706158168,-9.126525853079084,0.0
0,21.4,19.0,2.4,0.0,19.0,2.4,0.0,14.200000000000001,-6.6000000000000005,0.0
1,21.4,19.0,16.6,0.0,19.0,16.6,0.0,14.200000000000001,-6.6000000000000005,0.0
2,21.4,10.0,10.0,19.0,10.0,10.0,19.0,22.355312567709717,-10.677656283854859,0.0
3,21.4,0.0,0.0,2.4,0.0,0.0,2.4,19.300777186424384,-9.150388593212192,0.0
0,21.6,19.0,2.6,0.0,19.0,2.6,0.0,13.799999999999999,-6.3999999999999995,0.0
1,21.6,19.0,16.4,0.0,19.0,16.4,0.0,13.799999999999999,-6.3999999999999995,0.0
2,21.6,10.0,10.0,19.0,10.0,10.0,19.0,22.28811342397557,-10.644056711987785,0.0
3,21.6,0.0,0.0,2.6,0.0,0.0,2.6,19.35251921585404,-9.17625960792702,0.0
0,21.8,19.0,2.8,0.0,19.0,2.8,0.0,13.399999999999999,-6.199999999999999,0.0
1,21.8,19.0,16.2,0.0,19.0,16.2,0.0,13.399999999999999,-6.199999999999999,0.0
2,21.8,10.0,10.0,19.0,10.0,10.0,19.0,22.22251110923336,-10.61125555461668,0.0
3,21.8,0.0,0.0,2.8,0.0,0.0,2.8,19.40824567033301,-9.204122835166505,0.0
0,22.0,19.0,3.0,0.0,19.0,3.0,0.0,13.0,-6.0,0.0
1,22.0,19.0,16.0,0.0,19.0,16.0,0.0,13.0,-6.0,0.0
2,22.0,10.0,10.0,19.0,10.0,10.0,19.0,22.15851980616034,-10.57925990308017,0.0
3,22.0,0.0,0.0,3.0,0.0,0.0,3.0,19.467922333931785,-9.233961166965893,0.0
0,22.2,19.0,3.2,0.0,19.0,3.2,0.0,12.600000000000001,-5.800000000000001,0.0
1,22.2,19.0,15.8,0.0,19.0,15.8,0.0,12.600000000000001,-5.800000000000001,0.0
2,22.2,10.0,10.0,19.0,10.0,10.0,19.0,22.096153511414606,-10.548076755707303,0.0
3,22.2,0.0,0.0,3.2,0.0,0.0,3.2,19.5315129982293,-9.26575649911465,0.0
0,22.4,19.0,3.4,0.0,19.0,3.4,0.0,12.2,-5.6,0.0
1,22.4,19.0,15.6,0.0,19.0,15.6,0.0,12.2,-5.6,0.0
2,22.4,10.0,10.0,19.0,10.0,10.0,19.0,22.035426022657244,-10.517713011328622,0.0
3,22.4,0.0,0.0,3.4,0.0,0.0,3.4,19.59897956527329,-9.299489782636645,0.0
0,22.6,19.0,3.6,0.0,19.0,3.6,0.0,11.8,-5.4,0.0
1,22.6,19.0,15.4,0.0,19.0,15.4,0.0,11.8,-5.4,0.0
2,22.6,10.0,10.0,19.0,10.0,10.0,19.0,21.976350925483512,-10.488175462741756,0.0
3,22.6,0.0,0.0,3.6,0.0,0.0,3.6,19.670282153543194,-9.335141076771597,0.0
0,22.8,19.0,3.8,0.0,19.0,3.8,0.0,11.399999999999999,-5.199999999999999,0.0
1,22.8,19.0,15.2,0.0,19.0,15.2,0.0,11.399999999999999,-5.199999999999999,0.0
2,22.8,10.0,10.0,19.0,10.0,10.0,19.0,21.918941580286216,-10.459470790143108,0.0
3,22.8,0.0,0.0,3.8,0.0,0.0,3.8,19.7453792062852,-9.3726896031426,0.0
0,23.0,19.0,4.0,0.0,19.0,4.0,0.0,11.0,-5.0,0.0
1,23.0,19.0,15.0,0.0,19.0,15.0,0.0,11.0,-5.0,0.0
2,23.0,10.0,10.0,19.0,10.0,10.0,19.0,21.863211109075447,-10.431605554537724,0.0
3,23.0,0.0,0.0,4.0,0.0,0.0,4.0,19.82422760159901,-9.412113800799505,0.0
0,23.2,19.0,4.2,0.0,19.0,4.2,0.0,10.600000000000001,-4.800000000000001,0.0
1,23.2,19.0,14.8,0.0,19.0,14.8,0.0,10.600000000000001,-4.800000000000001,0.0
2,23.2,10.0,10.0,19.0,10.0,10.0,19.0,21.809172382279893,-10.404586191139947,0.0
3,23.2,0.0,0.0,4.2,0.0,0.0,4.2,19.90678276367128,-9.45339138183564,0.0
0,23.4,19.0,4.4,0.0,19.0,4.4,0.0,10.2,-4.6,0.0
1,23.4,19.0,14.6,0.0,19.0,14.6,0.0,10.2,-4.6,0.0
2,23.4,10.0,10.0,19.0,10.0,10.0,19.0,21.756838005555863,-10.378419002777932,0.0
3,23.4,0.0,0.0,4.4,0.0,0.0,4.4,19.992998774571063,-9.496499387285532,0.0
0,23.6,19.0,4.6,0.0,19.0,4.6,0.0,9.8,-4.4,0.0
1,23.6,19.0,14.4,0.0,19.0,14.4,0.0,9.8,-4.4,0.0
2,23.6,10.0,10.0,19.0,10.0,10.0,19.0,21.706220306631,-10.3531101533155,0.0
3,23.6,0.0,0.0,4.6,0.0,0.0,4.6,20.082828486047475,-9.541414243023738,0.0
0,23.8,19.0,4.8,0.0,19.0,4.8,0.0,9.399999999999999,-4.199999999999999,0.0
1,23.8,19.0,14.2,0.0,19.0,14.2,0.0,9.399999999999999,-4.199999999999999,0.0
2,23.8,10.0,10.0,19.0,10.0,10.0,19.0,21.6573313222105,-10.32866566110525,0.0
3,23.8,0.0,0.0,4.8,0.0,0.0,4.8,20.176223630798702,-9.588111815399351,0.0
0,24.0,19.0,5.0,0.0,19.0,5.0,0.0,9.0,-4.0,0.0
1,24.0,19.0,14.0,0.0,19.0,14.0,0.0,9.0,-4.0,0.0
2,24.0,10.0,10.0,19.0,10.0,10.0,19.0,21.61018278497431,-10.305091392487155,0.0
3,24.0,0.0,0.0,5.0,0.0,0.0,5.0,20.273134932713294,-9.636567466356647,0.0
0,24.2,19.0,5.2,0.0,19.0,5.2,0.0,8.600000000000001,-3.8000000000000007,0.0
1,24.2,19.0,13.8,0.0,19.0,13.8,0.0,8.600000000000001,-3.8000000000000007,0.0
2,24.2,10.0,10.0,19.0,10.0,10.0,19.0,21.564786110694442,-10.282393055347221,0.0
3,24.2,0.0,0.0,5.2,0.0,0.0,5.2,20.373512215619574,-9.686756107809787,0.0
0,24.4,19.0,5.4,0.0,19.0,5.4,0.0,8.2,-3.5999999999999996,0.0
1,24.4,19.0,13.6,0.0,19.0,13.6,0.0,8.2,-3.5999999999999996,0.0
2,24.4,10.0,10.0,19.0,10.0,10.0,19.0,21.521152385502035,-10.260576192751017,0.0
3,24.4,0.0,0.0,5.4,0.0,0.0,5.4,20.477304510115584,-9.738652255057792,0.0
0,24.6,19.0,5.6,0.0,19.0,5.6,0.0,7.800000000000001,-3.4000000000000004,0.0
1,24.6,19.0,13.4,0.0,19.0,13.4,0.0,7.800000000000001,-3.4000000000000004,0.0
2,24.6,10.0,10.0,19.0,10.0,10.0,19.0,21.479292353334177,-10.239646176667089,0.0
3,24.6,0.0,0.0,5.6,0.0,0.0,5.6,20.58446015809013,-9.792230079045066,0.0
0,24.8,19.0,5.8,0.0,19.0,5.8,0.0,7.3999999999999995,-3.1999999999999997,0.0
1,24.8,19.0,13.2,0.0,19.0,13.2,0.0,7.3999999999999995,-3.1999999999999997,0.0
2,24.8,10.0,10.0,19.0,10.0,10.0,19.0,21.439216403590873,-10.219608201795436,0.0
3,24.8,0.0,0.0,5.8,0.0,0.0,5.8,20.694926914584645,-9.847463457292323,0.0
0,25.0,19.0,6.0,0.0,19.0,6.0,0.0,7.0,-3.0,0.0
1,25.0,19.0,13.0,0.0,19.0,13.0,0.0,7.0,-3.0,0.0
2,25.0,10.0,10.0,19.0,10.0,10.0,19.0,21.400934559032695,-10.200467279516348,0.0
3,25.0,0.0,0.0,6.0,0.0,0.0,6.0,20.808652046684813,-9.904326023342406,0.0
0,25.2,19.0,6.2,0.0,19.0,6.2,0.0,6.6000000000000005,-2.8000000000000003,0.0
1,25.2,19.0,12.8,0.0,19.0,12.8,0.0,6.6000000000000005,-2.8000000000000003,0.0
2,25.2,10.0,10.0,19.0,10.0,10.0,19.0,21.36445646394965,-10.182228231974825,0.0
3,25.2,0.0,0.0,6.2,0.0,0.0,6.2,20.92558242917028,-9.96279121458514,0.0
0,25.4,19.0,6.4,0.0,19.0,6.4,0.0,6.199999999999999,-2.5999999999999996,0.0
1,25.4,19.0,12.6,0.0,19.0,12.6,0.0,6.199999999999999,-2.5999999999999996,0.0
2,25.4,10.0,10.0,19.0,10.0,10.0,19.0,21.329791372631846,-10.164895686315923,0.0
3,25.4,0.0,0.0,6.4,0.0,0.0,6.4,21.04566463668943,-10.022832318344715,0.0
0,25.6,19.0,6.6,0.0,19.0,6.6,0.0,5.800000000000001,-2.4000000000000004,0.0
1,25.6,19.0,12.4,0.0,19.0,12.4,0.0,5.800000000000001,-2.4000000000000004,0.0
2,25.6,10.0,10.0,19.0,10.0,10.0,19.0,21.296948138172286,-10.148474069086143,0.0
3,25.6,0.0,0.0,6.6,0.0,0.0,6.6,21.168845032263807,-10.084422516131903,0.0
0,25.8,19.0,6.8,0.0,19.0,6.8,0.0,5.3999999999999995,-2.1999999999999997,0.0
1,25.8,19.0,12.2,0.0,19.0,12.2,0.0,5.3999999999999995,-2.1999999999999997,0.0
2,25.8,10.0,10.0,19.0,10.0,10.0,19.0,21.26593520163174,-10.13296760081587,0.0
3,25.8,0.0,0.0,6.8,0.0,0.0,6.8,21.29506985196339,-10.147534925981695,0.0
0,26.0,19.0,7.0,0.0,19.0,7.0,0.0,5.0,-2.0,0.0
1,26.0,19.0,12.0,0.0,19.0,12.0,0.0,5.0,-2.0,0.0
2,26.0,10.0,10.0,19.0,10.0,10.0,19.0,21.236760581595302,-10.118380290797651,0.0
3,26.0,0.0,0.0,7.0,0.0,0.0,7.0,21.42428528562855,-10.212142642814275,0.0
0,26.2,19.0,7.2,0.0,19.0,7.2,0.0,4.6000000000000005,-1.8000000000000003,0.0
1,26.2,19.0,11.8,0.0,19.0,11.8,0.0,4.6000000000000005,-1.8000000000000003,0.0
2,26.2,10.0,10.0,19.0,10.0,10.0,19.0,21.209431864149497,-10.104715932074749,0.0
3,26.2,0.0,0.0,7.2,0.0,0.0,7.2,21.556437553547667,-10.278218776773834,0.0
0,26.4,19.0,7.4,0.0,19.0,7.4,0.0,4.199999999999999,-1.5999999999999996,0.0
1,26.4,19.0,11.6,0.0,19.0,11.6,0.0,4.199999999999999,-1.5999999999999996,0.0
2,26.4,10.0,10.0,19.0,10.0,10.0,19.0,21.18395619330818,-10.09197809665409,0.0
3,26.4,0.0,0.0,7.4,0.0,0.0,7.4,21.691472979030262,-10.345736489515131,0.0
0,26.6,19.0,7.6,0.0,19.0,7.6,0.0,3.8000000000000007,-1.4000000000000004,0.0
1,26.6,19.0,11.4,0.0,19.0,11.4,0.0,3.8000000000000007,-1.4000000000000004,0.0
2,26.6,10.0,10.0,19.0,10.0,10.0,19.0,21.160340261914506,-10.080170130957253,0.0
3,26.6,0.0,0.0,7.6,0.0,0.0,7.6,21.82933805684451,-10.414669028422255,0.0
0,26.8,19.0,7.8,0.0,19.0,7.8,0.0,3.3999999999999995,-1.1999999999999997,0.0
1,26.8,19.0,11.2,0.0,19.0,11.2,0.0,3.3999999999999995,-1.1999999999999997,0.0
2,26.8,10.0,10.0,19.0,10.0,10.0,19.0,21.138590303045284,-10.069295151522642,0.0
3,26.8,0.0,0.0,7.8,0.0,0.0,7.8,21.969979517514346,-10.484989758757173,0.0
0,27.0,19.0,8.0,0.0,19.0,8.0,0.0,3.0,-1.0,0.0
1,27.0,19.0,11.0,0.0,19.0,11.0,0.0,3.0,-1.0,0.0
2,27.0,10.0,10.0,19.0,10.0,10.0,19.0,21.118712081942874,-10.059356040971437,0.0
3,27.0,0.0,0.0,8.0,0.0,0.0,8.0,22.11334438749598,-10.55667219374799,0.0
0,27.2,19.0,8.2,0.0,19.0,8.2,0.0,2.6000000000000014,-0.8000000000000007,0.0
1,27.2,19.0,10.8,0.0,19.0,10.8,0.0,2.6000000000000014,-0.8000000000000007,0.0
2,27.2,10.0,10.0,19.0,10.0,10.0,19.0,21.10071088849852,-10.05035544424926,0.0
3,27.2,0.0,0.0,8.2,0.0,0.0,8.2,22.259380045275297,-10.629690022637648,0.0
0,27.4,19.0,8.4,0.0,19.0,8.4,0.0,2.1999999999999993,-0.5999999999999996,0.0
1,27.4,19.0,10.6,0.0,19.0,10.6,0.0,2.1999999999999993,-0.5999999999999996,0.0
2,27.4,10.0,10.0,19.0,10.0,10.0,19.0,21.08459153030952,-10.04229576515476,0.0
3,27.4,0.0,0.0,8.4,0.0,0.0,8.4,22.408034273447548,-10.704017136723774,0.0
0,27.6,19.0,8.6,0.0,19.0,8.6,0.0,1.8000000000000007,-0.40000000000000036,0.0
1,27.6,19.0,10.4,0.0,19.0,10.4,0.0,1.8000000000000007,-0.40000000000000036,0.0
2,27.6,10.0,10.0,19.0,10.0,10.0,19.0,21.07035832633133,-10.035179163165665,0.0
3,27.6,0.0,0.0,8.6,0.0,0.0,8.6,22.55925530685798,-10.77962765342899,0.0
0,27.8,19.0,8.8,0.0,19.0,8.8,0.0,1.3999999999999986,-0.1999999999999993,0.0
1,27.8,19.0,10.2,0.0,19.0,10.2,0.0,1.3999999999999986,-0.1999999999999993,0.0
2,27.8,10.0,10.0,19.0,10.0,10.0,19.0,21.05801510114379,-10.029007550571896,0.0
3,27.8,0.0,0.0,8.8,0.0,0.0,8.8,22.712991876897238,-10.856495938448619,0.0
0,28.0,19.0,9.0,0.0,19.0,9.0,0.0,1.0,0.0,0.0
1,28.0,19.0,10.0,0.0,19.0,10.0,0.0,1.0,0.0,0.0
2,28.0,10.0,10.0,19.0,10.0,10.0,19.0,21.047565179849187,-10.023782589924593,0.0
3,28.0,0.0,0.0,9.0,0.0,0.0,9.0,22.869193252058544,-10.934596626029272,0.0
0,28.2,19.0,8.908957249956401,0.22276068751089984,19.0,9.0,0.2,0.8246211251235328,0.0876894374382336,0.1876894374382336
1,28.2,19.0,9.8910427500436,-0.02276068751089983,19.0,9.8,0.0,0.8246211251235328,0.0876894374382336,0.1876894374382336
2,28.2,10.0,10.0,19.0,10.0,10.0,19.0,20.86719914123599,-9.933599570617995,0.0
3,28.2,0.0,0.0,9.2,0.0,0.0,9.2,22.869193252058544,-10.934596626029272,0.0
0,28.4,19.0,8.900384911698646,0.4664100588675688,19.0,9.0,0.4,0.7211102550927976,0.1394448724536012,0.23944487245360122
1,28.4,19.0,9.699615088301353,-0.0664100588675688,19.0,9.6,0.0,0.7211102550927976,0.1394448724536012,0.23944487245360122
2,28.4,10.0,10.0,19.0,10.0,10.0,19.0,20.6871941064998,-9.8435970532499,0.0
3,28.4,0.0,0.0,9.4,0.0,0.0,9.4,22.869193252058544,-10.934596626029272,0.0
0,28.6,19.0,8.933589941132432,0.699615088301353,19.0,9.0,0.6,0.721110255092798,0.139444872453601,0.239444872453601
1,28.6,19.0,9.466410058867568,-0.09961508830135304,19.0,9.4,0.0,0.721110255092798,0.139444872453601,0.239444872453601
2,28.6,10.0,10.0,19.0,10.0,10.0,19.0,20.50755958177374,-9.75377979088687,0.0
3,28.6,0.0,0.0,9.6,0.0,0.0,9.6,22.869193252058544,-10.934596626029272,0.0
0,28.8,19.0,8.9772393124891,0.8910427500435997,19.0,9.0,0.8,0.824621125123532,0.08768943743823399,0.187689437438234
1,28.8,19.0,9.222760687510899,-0.09104275004359962,19.0,9.2,0.0,0.824621125123532,0.08768943743823399,0.187689437438234
2,28.8,10.0,10.0,19.0,10.0,10.0,19.0,20.32830538928417,-9.664152694642086,0.0
3,28.8,0.0,0.0,9.8,0.0,0.0,9.8,22.869193252058544,-10.934596626029272,0.0
0,29.0,19.0,9.0,1.0,19.0,9.0,1.0,1.0,0.0,0.0
1,29.0,19.0,9.0,0.0,19.0,9.0,0.0,1.0,0.0,0.0
2,29.0,10.0,10.0,19.0,10.0,10.0,19.0,20.149441679609886,-9.574720839804943,0.0
3,29.0,0.0,0.0,10.0,0.0,0.0,10.0,22.869193252058544,-10.934596626029272,0.0
0,29.2,19.0,9.2,1.0,19.0,9.2,1.0,1.0770329614269003,-0.03851648071345015,0.0
1,29.2,19.0,8.8,0.0,19.0,8.8,0.0,1.0770329614269003,-0.03851648071345015,0.0
2,29.2,10.0,10.0,19.0,10.0,10.0,19.0,20.14050644844861,-9.570253224224304,0.0
3,29.2,0.0,0.0,10.2,0.0,0.0,10.2,23.027809274874585,-11.013904637437292,0.0
0,29.4,19.0,9.4,1.0,19.0,9.4,1.0,1.2806248474865702,-0.14031242374328512,0.0
1,29.4,19.0,8.6,0.0,19.0,8.6,0.0,1.2806248474865702,-0.14031242374328512,0.0
2,29.4,10.0,10.0,19.0,10.0,10.0,19.0,20.133554082675023,-9.566777041337511,0.0
3,29.4,0.0,0.0,10.4,0.0,0.0,10.4,23.18879039536129,-11.094395197680646,0.0
0,29.6,19.0,9.6,1.0,19.0,9.6,1.0,1.5620499351813304,-0.2810249675906652,0.0
1,29.6,19.0,8.4,0.0,19.0,8.4,0.0,1.5620499351813304,-0.2810249675906652,0.0
2,29.6,10.0,10.0,19.0,10.0,10.0,19.0,20.12858663692014,-9.56429331846007,0.0
3,29.6,0.0,0.0,10.6,0.0,0.0,10.6,23.35208770110287,-11.176043850551435,0.0
0,29.8,19.0,9.8,1.0,19.0,9.8,1.0,1.886796226411322,-0.443398113205661,0.0
1,29.8,19.0,8.2,0.0,19.0,8.2,0.0,1.886796226411322,-0.443398113205661,0.0
2,29.8,10.0,10.0,19.0,10.0,10.0,19.0,20.12560558095085,-9.562802790475425,0.0
3,29.8,0.0,0.0,10.8,0.0,0.0,10.8,23.51765294411838,-11.25882647205919,0.0
0,30.0,19.0,10.0,1.0,19.0,10.0,1.0,2.23606797749979,-0.6180339887498949,0.0
1,30.0,19.0,8.0,0.0,19.0,8.0,0.0,2.23606797749979,-0.6180339887498949,0.0
2,30.0,10.0,10.0,19.0,10.0,10.0,19.0,20.12461179749811,-9.562305898749054,0.0
3,30.0,0.0,0.0,11.0,0.0,0.0,11.0,23.68543856465402,-11.34271928232701,0.0
0,30.2,19.0,10.2,1.0,19.0,10.2,1.0,2.5999999999999996,-0.7999999999999998,0.0
1,30.2,19.0,7.8,0.0,19.0,7.8,0.0,2.5999999999999996,-0.7999999999999998,0.0
2,30.2,10.0,10.0,19.0,10.0,10.0,19.0,20.12560558095085,-9.562802790475425,0.0
3,30.2,0.0,0.0,11.2,0.0,0.0,11.2,23.855397712048315,-11.427698856024158,0.0
0,30.4,19.0,10.4,1.0,19.0,10.4,1.0,2.9732137494637016,-0.9866068747318508,0.0
1,30.4,19.0,7.6,0.0,19.0,7.6,0.0,2.9732137494637016,-0.9866068747318508,0.0
2,30.4,10.0,10.0,19.0,10.0,10.0,19.0,20.12858663692014,-9.56429331846007,0.0
3,30.4,0.0,0.0,11.4,0.0,0.0,11.4,24.027484262818696,-11.513742131409348,0.0
0,30.6,19.0,10.6,1.0,19.0,10.6,1.0,3.3526109228480414,-1.1763054614240207,0.0
1,30.6,19.0,7.4,0.0,19.0,7.4,0.0,3.3526109228480414,-1.1763054614240207,0.0
2,30.6,10.0,10.0,19.0,10.0,10.0,19.0,20.133554082675023,-9.566777041337511,0.0
3,30.6,0.0,0.0,11.6,0.0,0.0,11.6,24.201652836118445,-11.600826418059222,0.0
0,30.8,19.0,10.8,1.0,19.0,10.8,1.0,3.7363083384538816,-1.3681541692269408,0.0
1,30.8,19.0,7.2,0.0,19.0,7.2,0.0,3.7363083384538816,-1.3681541692269408,0.0
2,30.8,10.0,10.0,19.0,10.0,10.0,19.0,20.14050644844861,-9.570253224224304,0.0
3,30.8,0.0,0.0,11.8,0.0,0.0,11.8,24.37785880671229,-11.688929403356145,0.0
0,31.0,19.0,11.0,1.0,19.0,11.0,1.0,4.123105625617661,-1.5615528128088303,0.0
1,31.0,19.0,7.0,0.0,19.0,7.0,0.0,4.123105625617661,-1.5615528128088303,0.0
2,31.0,10.0,10.0,19.0,10.0,10.0,19.0,20.149441679609886,-9.574720839804943,0.0
3,31.0,0.0,0.0,12.0,0.0,0.0,12.0,24.55605831561735,-11.778029157808675,0.0
0,31.2,19.0,11.2,1.0,19.0,11.2,1.0,4.512205669071391,-1.7561028345356955,0.0
1,31.2,19.0,6.8,0.0,19.0,6.8,0.0,4.512205669071391,-1.7561028345356955,0.0
2,31.2,10.0,10.0,19.0,10.0,10.0,19.0,20.16035713969373,-9.580178569846865,0.0
3,31.2,0.0,0.0,12.2,0.0,0.0,12.2,24.73620827855393,-11.868104139276966,0.0
0,31.4,19.0,11.4,1.0,19.0,11.4,1.0,4.903060268852506,-1.9515301344262528,0.0
1,31.4,19.0,6.6,0.0,19.0,6.6,0.0,4.903060268852506,-1.9515301344262528,0.0
2,31.4,10.0,10.0,19.0,10.0,10.0,19.0,20.173249614278806,-9.586624807139403,0.0
3,31.4,0.0,0.0,12.4,0.0,0.0,12.4,24.918266392347604,-11.959133196173802,0.0
0,31.6,19.0,11.6,1.0,19.0,11.6,1.0,5.29528091794949,-2.147640458974745,0.0
1,31.6,19.0,6.4,0.0,19.0,6.4,0.0,5.29528091794949,-2.147640458974745,0.0
2,31.6,10.0,10.0,19.0,10.0,10.0,19.0,20.188115315699978,-9.594057657849989,0.0
3,31.6,0.0,0.0,12.6,0.0,0.0,12.6,25.10219113942048,-12.05109556971024,0.0
0,31.8,19.0,11.8,1.0,19.0,11.8,1.0,5.688585061331158,-2.344292530665579,0.0
1,31.8,19.0,6.2,0.0,19.0,6.2,0.0,5.688585061331158,-2.344292530665579,0.0
2,31.8,10.0,10.0,19.0,10.0,10.0,19.0,20.204949888579282,-9.602474944289641,0.0
3,31.8,0.0,0.0,12.8,0.0,0.0,12.8,25.28794179050561,-12.143970895252805,0.0
0,32.0,19.0,12.0,1.0,19.0,12.0,1.0,6.082762530298219,-2.5413812651491097,0.0
1,32.0,19.0,6.0,0.0,19.0,6.0,0.0,6.082762530298219,-2.5413812651491097,0.0
2,32.0,10.0,10.0,19.0,10.0,10.0,19.0,20.223748416156685,-9.611874208078342,0.0
3,32.0,0.0,0.0,13.0,0.0,0.0,13.0,25.475478405713993,-12.237739202856996,0.0
0,32.2,19.0,12.2,1.0,19.0,12.2,1.0,6.477653896280659,-2.7388269481403293,0.0
1,32.2,19.0,5.8,0.0,19.0,5.8,0.0,6.477653896280659,-2.7388269481403293,0.0
2,32.2,10.0,10.0,19.0,10.0,10.0,19.0,20.244505427399307,-9.622252713699654,0.0
3,32.2,0.0,0.0,13.2,0.0,0.0,13.2,25.664761834079037,-12.332380917039519,0.0
0,32.4,19.0,12.4,1.0,19.0,12.4,1.0,6.8731361109758335,-2.9365680554879168,0.0
1,32.4,19.0,5.6,0.0,19.0,5.6,0.0,6.8731361109758335,-2.9365680554879168,0.0
2,32.4,10.0,10.0,19.0,10.0,10.0,19.0,20.267214904865444,-9.633607452432722,0.0
3,32.4,0.0,0.0,13.4,0.0,0.0,13.4,25.85575371169829,-12.427876855849146,0.0
0,32.6,19.0,12.6,1.0,19.0,12.6,1.0,7.269112738154498,-3.134556369077249,0.0
1,32.6,19.0,5.4,0.0,19.0,5.4,0.0,7.269112738154498,-3.134556369077249,0.0
2,32.6,10.0,10.0,19.0,10.0,10.0,19.0,20.291870293297265,-9.645935146648632,0.0
3,32.6,0.0,0.0,13.6,0.0,0.0,13.6,26.048416458587266,-12.524208229293633,0.0
0,32.8,19.0,12.8,1.0,19.0,12.8,1.0,7.66550715869472,-3.33275357934736,0.0
1,32.8,19.0,5.2,0.0,19.0,5.2,0.0,7.66550715869472,-3.33275357934736,0.0
2,32.8,10.0,10.0,19.0,10.0,10.0,19.0,20.318464508914055,-9.659232254457027,0.0
3,32.8,0.0,0.0,13.8,0.0,0.0,13.8,26.242713274354845,-12.621356637177422,0.0
0,33.0,19.0,13.0,1.0,19.0,13.0,1.0,8.06225774829855,-3.5311288741492746,0.0
1,33.0,19.0,5.0,0.0,19.0,5.0,0.0,8.06225774829855,-3.5311288741492746,0.0
2,33.0,10.0,10.0,19.0,10.0,10.0,19.0,20.346989949375804,-9.673494974687902,0.0
3,33.0,0.0,0.0,14.0,0.0,0.0,14.0,26.43860813280457,-12.719304066402286,0.0
0,33.2,19.0,13.2,1.0,19.0,13.2,1.0,8.45931439302264,-3.7296571965113197,0.0
1,33.2,19.0,4.8,0.0,19.0,4.8,0.0,8.45931439302264,-3.7296571965113197,0.0
2,33.2,10.0,10.0,19.0,10.0,10.0,19.0,20.377438504385186,-9.688719252192593,0.0
3,33.2,0.0,0.0,14.2,0.0,0.0,14.2,26.636065775560773,-12.818032887780387,0.0
0,33.4,19.0,13.4,1.0,19.0,13.4,1.0,8.856635930193812,-3.9283179650969062,0.0
1,33.4,19.0,4.6,0.0,19.0,4.6,0.0,8.856635930193812,-3.9283179650969062,0.0
2,33.4,10.0,10.0,19.0,10.0,10.0,19.0,20.409801566894274,-9.704900783447137,0.0
3,33.4,0.0,0.0,14.4,0.0,0.0,14.4,26.83505170481324,-12.91752585240662,0.0
0,33.6,19.0,13.6,1.0,19.0,13.6,1.0,9.25418824100742,-4.12709412050371,0.0
1,33.6,19.0,4.4,0.0,19.0,4.4,0.0,9.25418824100742,-4.12709412050371,0.0
2,33.6,10.0,10.0,19.0,10.0,10.0,19.0,20.444070044880984,-9.722035022440492,0.0
3,33.6,0.0,0.0,14.6,0.0,0.0,14.6,27.0355321752689,-13.01776608763445,0.0
0,33.8,19.0,13.8,1.0,19.0,13.8,1.0,9.651942809610924,-4.325971404805462,0.0
1,33.8,19.0,4.2,0.0,19.0,4.2,0.0,9.651942809610924,-4.325971404805462,0.0
2,33.8,10.0,10.0,19.0,10.0,10.0,19.0,20.48023437365891,-9.740117186829455,0.0
3,33.8,0.0,0.0,14.8,0.0,0.0,14.8,27.237474185393918,-13.118737092696959,0.0
0,34.0,19.0,14.0,1.0,19.0,14.0,1.0,10.04987562112089,-4.524937810560445,0.0
1,34.0,19.0,4.0,0.0,19.0,4.0,0.0,10.04987562112089,-4.524937810560445,0.0
2,34.0,10.0,10.0,19.0,10.0,10.0,19.0,20.518284528683193,-9.759142264341596,0.0
3,34.0,0.0,0.0,15.0,0.0,0.0,15.0,27.440845468024488,-13.220422734012244,0.0
0,34.2,19.0,14.2,1.0,19.0,14.2,1.0,10.44796630928718,-4.72398315464359,0.0
1,34.2,19.0,3.8,0.0,19.0,3.8,0.0,10.44796630928718,-4.72398315464359,0.0
2,34.2,10.0,10.0,19.0,10.0,10.0,19.0,20.558210038814178,-9.779105019407089,0.0
3,34.2,0.0,0.0,15.2,0.0,0.0,15.2,27.645614480419855,-13.322807240209928,0.0
0,34.4,19.0,14.4,1.0,19.0,14.4,1.0,10.846197490365,-4.9230987451825,0.0
1,34.4,19.0,3.6,0.0,19.0,3.6,0.0,10.846197490365,-4.9230987451825,0.0
2,34.4,10.0,10.0,19.0,10.0,10.0,19.0,20.6,-9.8,0.0
3,34.4,0.0,0.0,15.4,0.0,0.0,15.4,27.85175039382624,-13.42587519691312,0.0
0,34.6,19.0,14.6,1.0,19.0,14.6,1.0,11.244554237496477,-5.122277118748238,0.0
1,34.6,19.0,3.4,0.0,19.0,3.4,0.0,11.244554237496477,-5.122277118748238,0.0
2,34.6,10.0,10.0,19.0,10.0,10.0,19.0,20.643643089338664,-9.821821544669332,0.0
3,34.6,0.0,0.0,15.6,0.0,0.0,15.6,28.059223082615812,-13.529611541307906,0.0
0,34.8,19.0,14.8,1.0,19.0,14.8,1.0,11.643023662262308,-5.321511831131154,0.0
1,34.8,19.0,3.2,0.0,19.0,3.2,0.0,11.643023662262308,-5.321511831131154,0.0
2,34.8,10.0,10.0,19.0,10.0,10.0,19.0,20.68912757948,-9.84456378974,0.0
3,34.8,0.0,0.0,15.8,0.0,0.0,15.8,28.268003113060534,-13.634001556530267,0.0
0,35.0,19.0,15.0,1.0,19.0,15.0,1.0,12.041594578792296,-5.520797289396148,0.0
1,35.0,19.0,3.0,0.0,19.0,3.0,0.0,12.041594578792296,-5.520797289396148,0.0
2,35.0,10.0,10.0,19.0,10.0,10.0,19.0,20.73644135332772,-9.86822067666386,0.0
3,35.0,0.0,0.0,16.0,0.0,0.0,16.0,28.478061731796284,-13.739030865898142,0.0
0,35.2,19.0,15.2,1.0,19.0,15.2,1.0,12.440257232067188,-5.720128616033594,0.0
1,35.2,19.0,2.8,0.0,19.0,2.8,0.0,12.440257232067188,-5.720128616033594,0.0
2,35.2,10.0,10.0,19.0,10.0,10.0,19.0,20.785571919001892,-9.892785959500946,0.0
3,35.2,0.0,0.0,16.2,0.0,0.0,16.2,28.689370854028848,-13.844685427014424,0.0
0,35.4,19.0,15.4,1.0,19.0,15.4,1.0,12.839003076563229,-5.919501538281614,0.0
1,35.4,19.0,2.6,0.0,19.0,2.6,0.0,12.839003076563229,-5.919501538281614,0.0
2,35.4,10.0,10.0,19.0,10.0,10.0,19.0,20.836506425022407,-9.918253212511203,0.0
3,35.4,0.0,0.0,16.4,0.0,0.0,16.4,28.901903051529324,-13.950951525764662,0.0
0,35.6,19.0,15.6,1.0,19.0,15.6,1.0,13.23782459469833,-6.118912297349165,0.0
1,35.6,19.0,2.4,0.0,19.0,2.4,0.0,13.23782459469833,-6.118912297349165,0.0
2,35.6,10.0,10.0,19.0,10.0,10.0,19.0,20.88923167567443,-9.944615837837215,0.0
3,35.6,0.0,0.0,16.6,0.0,0.0,16.6,29.115631540462935,-14.057815770231468,0.0
0,35.8,19.0,15.8,1.0,19.0,15.8,1.0,13.63671514698463,-6.318357573492315,0.0
1,35.8,19.0,2.2,0.0,19.0,2.2,0.0,13.63671514698463,-6.318357573492315,0.0
2,35.8,10.0,10.0,19.0,10.0,10.0,19.0,20.943734146517425,-9.971867073258712,0.0
3,35.8,0.0,0.0,16.8,0.0,0.0,16.8,29.330530169091727,-14.165265084545863,0.0
0,36.0,19.0,16.0,1.0,19.0,16.0,1.0,14.035668847618199,-6.5178344238090995,0.0
1,36.0,19.0,2.0,0.0,19.0,2.0,0.0,14.035668847618199,-6.5178344238090995,0.0
2,36.0,10.0,10.0,19.0,10.0,10.0,19.0,21.0,-10.0,0.0
3,36.0,0.0,0.0,17.0,0.0,0.0,17.0,29.546573405388315,-14.273286702694158,0.0
0,36.2,19.0,16.2,1.0,19.0,16.2,1.0,14.434680460612904,-6.717340230306452,0.0
1,36.2,19.0,1.8,0.0,19.0,1.8,0.0,14.434680460612904,-6.717340230306452,0.0
2,36.2,10.0,10.0,19.0,10.0,10.0,19.0,21.05801510114379,-10.029007550571896,0.0
3,36.2,0.0,0.0,17.2,0.0,0.0,17.2,29.763736324594735,-14.381868162297367,0.0
0,36.4,19.0,16.4,1.0,19.0,16.4,1.0,14.833745312630926,-6.916872656315463,0.0
1,36.4,19.0,1.6,0.0,19.0,1.6,0.0,14.833745312630926,-6.916872656315463,0.0
2,36.4,10.0,10.0,19.0,10.0,10.0,19.0,21.117765033260504,-10.058882516630252,0.0
3,36.4,0.0,0.0,17.4,0.0,0.0,17.4,29.98199459675757,-14.490997298378785,0.0
0,36.6,19.0,16.6,1.0,19.0,16.6,1.0,15.232859219463693,-7.1164296097318465,0.0
1,36.6,19.0,1.4,0.0,19.0,1.4,0.0,15.232859219463693,-7.1164296097318465,0.0
2,36.6,10.0,10.0,19.0,10.0,10.0,19.0,21.17923511366735,-10.089617556833675,0.0
3,36.6,0.0,0.0,17.6,0.0,0.0,17.6,30.201324474267683,-14.600662237133841,0.0
0,36.8,19.0,16.8,1.0,19.0,16.8,1.0,15.632018423735307,-7.316009211867653,0.0
1,36.8,19.0,1.2,0.0,19.0,1.2,0.0,15.632018423735307,-7.316009211867653,0.0
2,36.8,10.0,10.0,19.0,10.0,10.0,19.0,21.242410409367388,-10.121205204683694,0.0
3,36.8,0.0,0.0,17.8,0.0,0.0,17.8,30.421702779430344,-14.710851389715172,0.0
0,37.0,19.0,17.0,1.0,19.0,17.0,1.0,16.0312195418814,-7.515609770940699,0.0
1,37.0,19.0,1.0,0.0,19.0,1.0,0.0,16.0312195418814,-7.515609770940699,0.0
2,37.0,10.0,10.0,19.0,10.0,10.0,19.0,21.307275752662516,-10.153637876331258,0.0
3,37.0,0.0,0.0,18.0,0.0,0.0,18.0,30.643106892089126,-14.821553446044563,0.0
0,37.2,19.0,17.2,1.0,19.0,17.2,1.0,16.4304595188327,-7.715229759416349,0.0
1,37.2,19.0,0.8,0.0,19.0,0.8,0.0,16.4304595188327,-7.715229759416349,0.0
2,37.2,10.0,10.0,19.0,10.0,10.0,19.0,21.37381575666825,-10.186907878334125,0.0
3,37.2,0.0,0.0,18.2,0.0,0.0,18.2,30.865514737324563,-14.932757368662282,0.0
0,37.4,19.0,17.4,1.0,19.0,17.4,1.0,16.82973558912914,-7.91486779456457,0.0
1,37.4,19.0,0.6,0.0,19.0,0.6,0.0,16.82973558912914,-7.91486779456457,0.0
2,37.4,10.0,10.0,19.0,10.0,10.0,19.0,21.442014830700963,-10.221007415350481,0.0
3,37.4,0.0,0.0,18.4,0.0,0.0,18.4,31.088904773246675,-15.044452386623338,0.0
0,37.6,19.0,17.6,1.0,19.0,17.6,1.0,17.22904524342542,-8.11452262171271,0.0
1,37.6,19.0,0.4,0.0,19.0,0.4,0.0,17.22904524342542,-8.11452262171271,0.0
2,37.6,10.0,10.0,19.0,10.0,10.0,19.0,21.51185719550964,-10.25592859775482,0.0
3,37.6,0.0,0.0,18.6,0.0,0.0,18.6,31.313255978898137,-15.156627989449069,0.0
0,37.8,19.0,17.8,1.0,19.0,17.8,1.0,17.628386199536248,-8.314193099768124,0.0
1,37.8,19.0,0.1999999999999999,0.0,19.0,0.1999999999999999,0.0,17.628386199536248,-8.314193099768124,0.0
2,37.8,10.0,10.0,19.0,10.0,10.0,19.0,21.58332689832594,-10.29166344916297,0.0
3,37.8,0.0,0.0,18.8,0.0,0.0,18.8,31.538547842283418,-15.269273921141709,0.0
0,38.0,19.0,18.0,1.0,19.0,18.0,1.0,18.027756377319946,-8.513878188659973,0.0
1,38.0,19.0,0.0,0.0,19.0,0.0,0.0,18.027756377319946,-8.513878188659973,0.0
2,38.0,10.0,10.0,19.0,10.0,10.0,19.0,21.656407827707714,-10.328203913853857,0.0
3,38.0,0.0,0.0,19.0,0.0,0.0,19.0,31.76476034853718,-15.38238017426859,0.0
0,38.2,19.0,18.2,1.0,19.0,18.2,1.0,18.2175739328814,-8.6087869664407,0.0
1,38.2,19.0,0.0,0.2,19.0,0.0,0.2,18.2175739328814,-8.6087869664407,0.0
2,38.2,10.0,10.0,19.0,10.0,10.0,19.0,21.73108372815309,-10.365541864076546,0.0
3,38.2,0.0,0.0,19.0,0.0,0.0,19.0,31.87851941354868,-15.43925970677434,0.0
0,38.4,19.0,18.4,1.0,19.0,18.4,1.0,18.40978000954927,-8.704890004774635,0.0
1,38.4,19.0,0.0,0.4,19.0,0.0,0.4,18.40978000954927,-8.704890004774635,0.0
2,38.4,10.0,10.0,19.0,10.0,10.0,19.0,21.807338214463496,-10.403669107231748,0.0
3,38.4,0.0,0.0,19.0,0.0,0.0,19.0,31.9931242613159,-15.49656213065795,0.0
0,38.6,19.0,18.6,1.0,19.0,18.6,1.0,18.604300578092154,-8.802150289046077,0.0
1,38.6,19.0,0.0,0.6,19.0,0.0,0.6,18.604300578092154,-8.802150289046077,0.0
2,38.6,10.0,10.0,19.0,10.0,10.0,19.0,21.885154785835994,-10.442577392917997,0.0
3,38.6,0.0,0.0,19.0,0.0,0.0,19.0,32.1085658353032,-15.554282917651602,0.0
0,38.8,19.0,18.8,1.0,19.0,18.8,1.0,18.801063799689636,-8.900531899844818,0.0
1,38.8,19.0,0.0,0.8,19.0,0.0,0.8,18.801063799689636,-8.900531899844818,0.0
2,38.8,10.0,10.0,19.0,10.0,10.0,19.0,21.964516839666654,-10.482258419833327,0.0
3,38.8,0.0,0.0,19.0,0.0,0.0,19.0,32.22483514310042,-15.61241757155021,0.0
0,39.0,19.0,19.0,1.0,19.0,19.0,1.0,19.0,-9.0,0.0
1,39.0,19.0,0.0,1.0,19.0,0.0,1.0,19.0,-9.0,0.0
2,39.0,10.0,10.0,19.0,10.0,10.0,19.0,22.045407685048602,-10.522703842524301,0.0
3,39.0,0.0,0.0,19.0,0.0,0.0,19.0,32.341923257592455,-15.670961628796228,0.0
0,39.2,19.0,19.0,1.2,19.0,19.0,1.2,19.0,-9.0,0.0
1,39.2,19.0,0.0,1.2,19.0,0.0,1.2,19.0,-9.0,0.0
2,39.2,10.0,10.0,19.0,10.0,10.0,19.0,21.88241302964552,-10.44120651482276,0.0
3,39.2,0.0,0.0,19.0,0.0,0.0,19.0,32.23104093882169,-15.615520469410846,0.0
0,39.4,19.0,19.0,1.4,19.0,19.0,1.4,19.0,-9.0,0.0
1,39.4,19.0,0.0,1.4,19.0,0.0,1.4,19.0,-9.0,0.0
2,39.4,10.0,10.0,19.0,10.0,10.0,19.0,21.720036832381293,-10.360018416190647,0.0
3,39.4,0.0,0.0,19.0,0.0,0.0,19.0,32.12102115437801,-15.560510577189007,0.0
0,39.6,19.0,19.0,1.6,19.0,19.0,1.6,19.0,-9.0,0.0
1,39.6,19.0,0.0,1.6,19.0,0.0,1.6,19.0,-9.0,0.0
2,39.6,10.0,10.0,19.0,10.0,10.0,19.0,21.558293067866018,-10.279146533933009,0.0
3,39.6,0.0,0.0,19.0,0.0,0.0,19.0,32.011872797448135,-15.505936398724067,0.0
0,39.8,19.0,19.0,1.8,19.0,19.0,1.8,19.0,-9.0,0.0
1,39.8,19.0,0.0,1.8,19.0,0.0,1.8,19.0,-9.0,0.0
2,39.8,10.0,10.0,19.0,10.0,10.0,19.0,21.397196077991154,-10.198598038995577,0.0
3,39.8,0.0,0.0,19.0,0.0,0.0,19.0,31.903604811995773,-15.451802405997887,0.0
0,40.0,19.0,19.0,2.0,19.0,19.0,2.0,19.0,-9.0,0.0
1,40.0,19.0,0.0,2.0,19.0,0.0,2.0,19.0,-9.0,0.0
2,40.0,10.0,10.0,19.0,10.0,10.0,19.0,21.236760581595302,-10.118380290797651,0.0
3,40.0,0.0,0.0,19.0,0.0,0.0,19.0,31.796226191169293,-15.398113095584646,0.0
0,40.2,19.0,19.0,2.2,19.0,19.0,2.2,19.0,-9.0,0.0
1,40.2,19.0,0.0,2.2,19.0,0.0,2.2,19.0,-9.0,0.0
2,40.2,10.0,10.0,19.0,10.0,10.0,19.0,21.077001684300356,-10.038500842150178,0.0
3,40.2,0.0,0.0,19.0,0.0,0.0,19.0,31.689745975630665,-15.344872987815332,0.0
0,40.4,19.0,19.0,2.4,19.0,19.0,2.4,19.0,-9.0,0.0
1,40.4,19.0,0.0,2.4,19.0,0.0,2.4,19.0,-9.0,0.0
2,40.4,10.0,10.0,19.0,10.0,10.0,19.0,20.917934888511343,-9.958967444255672,0.0
3,40.4,0.0,0.0,19.0,0.0,0.0,19.0,31.584173251804454,-15.292086625902227,0.0
0,40.6,19.0,19.0,2.6,19.0,19.0,2.6,19.0,-9.0,0.0
1,40.6,19.0,0.0,2.6,19.0,0.0,2.6,19.0,-9.0,0.0
2,40.6,10.0,10.0,19.0,10.0,10.0,19.0,20.75957610357206,-9.87978805178603,0.0
3,40.6,0.0,0.0,19.0,0.0,0.0,19.0,31.47951715004536,-15.23975857502268,0.0
0,40.8,19.0,19.0,2.8,19.0,19.0,2.8,19.0,-9.0,0.0
1,40.8,19.0,0.0,2.8,19.0,0.0,2.8,19.0,-9.0,0.0
2,40.8,10.0,10.0,19.0,10.0,10.0,19.0,20.601941656067275,-9.800970828033638,0.0
3,40.8,0.0,0.0,19.0,0.0,0.0,19.0,31.375786842723166,-15.187893421361583,0.0
0,41.0,19.0,19.0,3.0,19.0,19.0,3.0,19.0,-9.0,0.0
1,41.0,19.0,0.0,3.0,19.0,0.0,3.0,19.0,-9.0,0.0
2,41.0,10.0,10.0,19.0,10.0,10.0,19.0,20.445048300260872,-9.722524150130436,0.0
3,41.0,0.0,0.0,19.0,0.0,0.0,19.0,31.272991542223778,-15.136495771111889,0.0
0,41.2,19.0,19.0,3.2,19.0,19.0,3.2,19.0,-9.0,0.0
1,41.2,19.0,0.0,3.2,19.0,0.0,3.2,19.0,-9.0,0.0
2,41.2,10.0,10.0,19.0,10.0,10.0,19.0,20.288913228657666,-9.644456614328833,0.0
3,41.2,0.0,0.0,19.0,0.0,0.0,19.0,31.17114049886529,-15.085570249432646,0.0
0,41.4,19.0,19.0,3.4,19.0,19.0,3.4,19.0,-9.0,0.0
1,41.4,19.0,0.0,3.4,19.0,0.0,3.4,19.0,-9.0,0.0
2,41.4,10.0,10.0,19.0,10.0,10.0,19.0,20.133554082675023,-9.566777041337511,0.0
3,41.4,0.0,0.0,19.0,0.0,0.0,19.0,31.0702429987279,-15.03512149936395,0.0
0,41.6,19.0,19.0,3.6,19.0,19.0,3.6,19.0,-9.0,0.0
1,41.6,19.0,0.0,3.6,19.0,0.0,3.6,19.0,-9.0,0.0
2,41.6,10.0,10.0,19.0,10.0,10.0,19.0,19.978988963408533,-9.489494481704266,0.0
3,41.6,0.0,0.0,19.0,0.0,0.0,19.0,30.97030836139673,-14.985154180698364,0.0
0,41.8,19.0,19.0,3.8,19.0,19.0,3.8,19.0,-9.0,0.0
1,41.8,19.0,0.0,3.8,19.0,0.0,3.8,19.0,-9.0,0.0
2,41.8,10.0,10.0,19.0,10.0,10.0,19.0,19.825236442474022,-9.412618221237011,0.0
3,41.8,0.0,0.0,19.0,0.0,0.0,19.0,30.87134593761665,-14.935672968808325,0.0
0,42.0,19.0,19.0,4.0,19.0,19.0,4.0,19.0,-9.0,0.0
1,42.0,19.0,0.0,4.0,19.0,0.0,4.0,19.0,-9.0,0.0
2,42.0,10.0,10.0,19.0,10.0,10.0,19.0,19.672315572906,-9.336157786453,0.0
3,42.0,0.0,0.0,19.0,0.0,0.0,19.0,30.773365106858236,-14.886682553429118,0.0
0,42.2,19.0,19.0,4.2,19.0,19.0,4.2,19.0,-9.0,0.0
1,42.2,19.0,0.0,4.2,19.0,0.0,4.2,19.0,-9.0,0.0
2,42.2,10.0,10.0,19.0,10.0,10.0,19.0,19.5202459000905,-9.26012295004525,0.0
3,42.2,0.0,0.0,19.0,0.0,0.0,19.0,30.67637527479412,-14.83818763739706,0.0
0,42.4,19.0,19.0,4.4,19.0,19.0,4.4,19.0,-9.0,0.0
1,42.4,19.0,0.0,4.4,19.0,0.0,4.4,19.0,-9.0,0.0
2,42.4,10.0,10.0,19.0,10.0,10.0,19.0,19.36904747270758,-9.18452373635379,0.0
3,42.4,0.0,0.0,19.0,0.0,0.0,19.0,30.58038587068515,-14.790192935342574,0.0
0,42.6,19.0,19.0,4.6,19.0,19.0,4.6,19.0,-9.0,0.0
1,42.6,19.0,0.0,4.6,19.0,0.0,4.6,19.0,-9.0,0.0
2,42.6,10.0,10.0,19.0,10.0,10.0,19.0,19.21874085365636,-9.10937042682818,0.0
3,42.6,0.0,0.0,19.0,0.0,0.0,19.0,30.48540634467581,-14.742703172337905,0.0
0,42.8,19.0,19.0,4.8,19.0,19.0,4.8,19.0,-9.0,0.0
1,42.8,19.0,0.0,4.8,19.0,0.0,4.8,19.0,-9.0,0.0
2,42.8,10.0,10.0,19.0,10.0,10.0,19.0,19.069347130932407,-9.034673565466203,0.0
3,42.8,0.0,0.0,19.0,0.0,0.0,19.0,30.391446164998467,-14.695723082499233,0.0
0,43.0,19.0,19.0,5.0,19.0,19.0,5.0,19.0,-9.0,0.0
1,43.0,19.0,0.0,5.0,19.0,0.0,5.0,19.0,-9.0,0.0
2,43.0,10.0,10.0,19.0,10.0,10.0,19.0,18.920887928424502,-8.960443964212251,0.0
3,43.0,0.0,0.0,19.0,0.0,0.0,19.0,30.298514815086232,-14.649257407543116,0.0
0,43.2,19.0,19.0,5.2,19.0,19.0,5.2,19.0,-9.0,0.0
1,43.2,19.0,0.0,5.2,19.0,0.0,5.2,19.0,-9.0,0.0
2,43.2,10.0,10.0,19.0,10.0,10.0,19.0,18.77338541659442,-8.88669270829721,0.0
3,43.2,0.0,0.0,19.0,0.0,0.0,19.0,30.206621790594195,-14.603310895297097,0.0
0,43.4,19.0,19.0,5.4,19.0,19.0,5.4,19.0,-9.0,0.0
1,43.4,19.0,0.0,5.4,19.0,0.0,5.4,19.0,-9.0,0.0
2,43.4,10.0,10.0,19.0,10.0,10.0,19.0,18.626862323000083,-8.813431161500041,0.0
3,43.4,0.0,0.0,19.0,0.0,0.0,19.0,30.11577659632904,-14.55788829816452,0.0
0,43.6,19.0,19.0,5.6,19.0,19.0,5.6,19.0,-9.0,0.0
1,43.6,19.0,0.0,5.6,19.0,0.0,5.6,19.0,-9.0,0.0
2,43.6,10.0,10.0,19.0,10.0,10.0,19.0,18.481341942618776,-8.740670971309388,0.0
3,43.6,0.0,0.0,19.0,0.0,0.0,19.0,30.02598874308721,-14.512994371543606,0.0
0,43.8,19.0,19.0,5.8,19.0,19.0,5.8,19.0,-9.0,0.0
1,43.8,19.0,0.0,5.8,19.0,0.0,5.8,19.0,-9.0,0.0
2,43.8,10.0,10.0,19.0,10.0,10.0,19.0,18.33684814792335,-8.668424073961676,0.0
3,43.8,0.0,0.0,19.0,0.0,0.0,19.0,29.937267744401794,-14.468633872200897,0.0
0,44.0,19.0,19.0,6.0,19.0,19.0,6.0,19.0,-9.0,0.0
1,44.0,19.0,0.0,6.0,19.0,0.0,6.0,19.0,-9.0,0.0
2,44.0,10.0,10.0,19.0,10.0,10.0,19.0,18.193405398660254,-8.596702699330127,0.0
3,44.0,0.0,0.0,19.0,0.0,0.0,19.0,29.8496231131986,-14.4248115565993,0.0
0,44.2,19.0,19.0,6.2,19.0,19.0,6.2,19.0,-9.0,0.0
1,44.2,19.0,0.0,6.2,19.0,0.0,6.2,19.0,-9.0,0.0
2,44.2,10.0,10.0,19.0,10.0,10.0,19.0,18.051038751274124,-8.525519375637062,0.0
3,44.2,0.0,0.0,19.0,0.0,0.0,19.0,29.763064358362026,-14.381532179181013,0.0
0,44.4,19.0,19.0,6.4,19.0,19.0,6.4,19.0,-9.0,0.0
1,44.4,19.0,0.0,6.4,19.0,0.0,6.4,19.0,-9.0,0.0
2,44.4,10.0,10.0,19.0,10.0,10.0,19.0,17.90977386791916,-8.45488693395958,0.0
3,44.4,0.0,0.0,19.0,0.0,0.0,19.0,29.677600981211402,-14.338800490605701,0.0
0,44.6,19.0,19.0,6.6,19.0,19.0,6.6,19.0,-9.0,0.0
1,44.6,19.0,0.0,6.6,19.0,0.0,6.6,19.0,-9.0,0.0
2,44.6,10.0,10.0,19.0,10.0,10.0,19.0,17.769637024992942,-8.384818512496471,0.0
3,44.6,0.0,0.0,19.0,0.0,0.0,19.0,29.593242471888747,-14.296621235944373,0.0
0,44.8,19.0,19.0,6.8,19.0,19.0,6.8,19.0,-9.0,0.0
1,44.8,19.0,0.0,6.8,19.0,0.0,6.8,19.0,-9.0,0.0
2,44.8,10.0,10.0,19.0,10.0,10.0,19.0,17.63065512112355,-8.315327560561775,0.0
3,44.8,0.0,0.0,19.0,0.0,0.0,19.0,29.50999830565905,-14.254999152829525,0.0
0,45.0,19.0,19.0,7.0,19.0,19.0,7.0,19.0,-9.0,0.0
1,45.0,19.0,0.0,7.0,19.0,0.0,7.0,19.0,-9.0,0.0
2,45.0,10.0,10.0,19.0,10.0,10.0,19.0,17.4928556845359,-8.24642784226795,0.0
3,45.0,0.0,0.0,19.0,0.0,0.0,19.0,29.427877939124322,-14.213938969562161,0.0
0,45.2,19.0,19.0,7.2,19.0,19.0,7.2,19.0,-9.0,0.0
1,45.2,19.0,0.0,7.2,19.0,0.0,7.2,19.0,-9.0,0.0
2,45.2,10.0,10.0,19.0,10.0,10.0,19.0,17.356266879718117,-8.178133439859058,0.0
3,45.2,0.0,0.0,19.0,0.0,0.0,19.0,29.346890806352896,-14.173445403176448,0.0
0,45.4,19.0,19.0,7.4,19.0,19.0,7.4,19.0,-9.0,0.0
1,45.4,19.0,0.0,7.4,19.0,0.0,7.4,19.0,-9.0,0.0
2,45.4,10.0,10.0,19.0,10.0,10.0,19.0,17.22091751330341,-8.110458756651704,0.0
3,45.4,0.0,0.0,19.0,0.0,0.0,19.0,29.267046314925597,-14.133523157462799,0.0
0,45.6,19.0,19.0,7.6,19.0,19.0,7.6,19.0,-9.0,0.0
1,45.6,19.0,0.0,7.6,19.0,0.0,7.6,19.0,-9.0,0.0
2,45.6,10.0,10.0,19.0,10.0,10.0,19.0,17.08683703907777,-8.043418519538886,0.0
3,45.6,0.0,0.0,19.0,0.0,0.0,19.0,29.18835384190071,-14.094176920950355,0.0
0,45.8,19.0,19.0,7.8,19.0,19.0,7.8,19.0,-9.0,0.0
1,45.8,19.0,0.0,7.8,19.0,0.0,7.8,19.0,-9.0,0.0
2,45.8,10.0,10.0,19.0,10.0,10.0,19.0,16.95405556201819,-7.977027781009095,0.0
3,45.8,0.0,0.0,19.0,0.0,0.0,19.0,29.110822729699688,-14.055411364849844,0.0
0,46.0,19.0,19.0,8.0,19.0,19.0,8.0,19.0,-9.0,0.0
1,46.0,19.0,0.0,8.0,19.0,0.0,8.0,19.0,-9.0,0.0
2,46.0,10.0,10.0,19.0,10.0,10.0,19.0,16.822603841260722,-7.911301920630361,0.0
3,46.0,0.0,0.0,19.0,0.0,0.0,19.0,29.03446228191595,-14.017231140957975,0.0
0,46.2,19.0,19.0,8.2,19.0,19.0,8.2,19.0,-9.0,0.0
1,46.2,19.0,0.0,8.2,19.0,0.0,8.2,19.0,-9.0,0.0
2,46.2,10.0,10.0,19.0,10.0,10.0,19.0,16.692513291892265,-7.8462566459461325,0.0
3,46.2,0.0,0.0,19.0,0.0,0.0,19.0,28.959281759049205,-13.979640879524602,0.0
0,46.4,19.0,19.0,8.4,19.0,19.0,8.4,19.0,-9.0,0.0
1,46.4,19.0,0.0,8.4,19.0,0.0,8.4,19.0,-9.0,0.0
2,46.4,10.0,10.0,19.0,10.0,10.0,19.0,16.56381598545456,-7.78190799272728,0.0
3,46.4,0.0,0.0,19.0,0.0,0.0,19.0,28.88529037416796,-13.94264518708398,0.0
0,46.6,19.0,19.0,8.6,19.0,19.0,8.6,19.0,-9.0,0.0
1,46.6,19.0,0.0,8.6,19.0,0.0,8.6,19.0,-9.0,0.0
2,46.6,10.0,10.0,19.0,10.0,10.0,19.0,16.436544649043483,-7.718272324521742,0.0
3,46.6,0.0,0.0,19.0,0.0,0.0,19.0,28.812497288503124,-13.906248644251562,0.0
0,46.8,19.0,19.0,8.8,19.0,19.0,8.8,19.0,-9.0,0.0
1,46.8,19.0,0.0,8.8,19.0,0.0,8.8,19.0,-9.0,0.0
2,46.8,10.0,10.0,19.0,10.0,10.0,19.0,16.310732662881822,-7.655366331440911,0.0
3,46.8,0.0,0.0,19.0,0.0,0.0,19.0,28.740911606975864,-13.870455803487932,0.0
0,47.0,19.0,19.0,9.0,19.0,19.0,9.0,19.0,-9.0,0.0
1,47.0,19.0,0.0,9.0,19.0,0.0,9.0,19.0,-9.0,0.0
2,47.0,10.0,10.0,19.0,10.0,10.0,19.0,16.186414056238647,-7.593207028119323,0.0
3,47.0,0.0,0.0,19.0,0.0,0.0,19.0,28.6705423736629,-13.83527118683145,0.0
0,47.2,19.0,19.0,9.2,19.0,19.0,9.2,19.0,-9.0,0.0
1,47.2,19.0,0.0,9.2,19.0,0.0,9.2,19.0,-9.0,0.0
2,47.2,10.0,10.0,19.0,10.0,10.0,19.0,16.063623501564024,-7.531811750782012,0.0
3,47.2,0.0,0.0,19.0,0.0,0.0,19.0,28.601398567202967,-13.800699283601483,0.0
0,47.4,19.0,19.0,9.4,19.0,19.0,9.4,19.0,-9.0,0.0
1,47.4,19.0,0.0,9.4,19.0,0.0,9.4,19.0,-9.0,0.0
2,47.4,10.0,10.0,19.0,10.0,10.0,19.0,15.942396306703706,-7.471198153351853,0.0
3,47.4,0.0,0.0,19.0,0.0,0.0,19.0,28.533489096148056,-13.766744548074028,0.0
0,47.6,19.0,19.0,9.6,19.0,19.0,9.6,19.0,-9.0,0.0
1,47.6,19.0,0.0,9.6,19.0,0.0,9.6,19.0,-9.0,0.0
2,47.6,10.0,10.0,19.0,10.0,10.0,19.0,15.822768405054788,-7.411384202527394,0.0
3,47.6,0.0,0.0,19.0,0.0,0.0,19.0,28.4668227942635,-13.73341139713175,0.0
0,47.8,19.0,19.0,9.8,19.0,19.0,9.8,19.0,-9.0,0.0
1,47.8,19.0,0.0,9.8,19.0,0.0,9.8,19.0,-9.0,0.0
2,47.8,10.0,10.0,19.0,10.0,10.0,19.0,15.704776343520464,-7.352388171760232,0.0
3,47.8,0.0,0.0,19.0,0.0,0.0,19.0,28.401408415781074,-13.700704207890537,0.0
0,48.0,19.0,19.0,10.0,19.0,19.0,10.0,19.0,-9.0,0.0
1,48.0,19.0,0.0,10.0,19.0,0.0,10.0,19.0,-9.0,0.0
2,48.0,10.0,10.0,19.0,10.0,10.0,19.0,15.588457268119896,-7.294228634059948,0.0
3,48.0,0.0,0.0,19.0,0.0,0.0,19.0,28.337254630609507,-13.668627315304754,0.0
0,48.2,19.0,19.0,10.2,19.0,19.0,10.2,19.0,-9.0,0.0
1,48.2,19.0,0.0,10.2,19.0,0.0,10.2,19.0,-9.0,0.0
2,48.2,10.0,10.0,19.0,10.0,10.0,19.0,15.47384890710776,-7.23692445355388,0.0
3,48.2,0.0,0.0,19.0,0.0,0.0,19.0,28.274370019507067,-13.637185009753534,0.0
0,48.4,19.0,19.0,10.4,19.0,19.0,10.4,19.0,-9.0,0.0
1,48.4,19.0,0.0,10.4,19.0,0.0,10.4,19.0,-9.0,0.0
2,48.4,10.0,10.0,19.0,10.0,10.0,19.0,15.360989551457939,-7.180494775728969,0.0
3,48.4,0.0,0.0,19.0,0.0,0.0,19.0,28.212763069220994,-13.606381534610497,0.0
0,48.6,19.0,19.0,10.6,19.0,19.0,10.6,19.0,-9.0,0.0
1,48.6,19.0,0.0,10.6,19.0,0.0,10.6,19.0,-9.0,0.0
2,48.6,10.0,10.0,19.0,10.0,10.0,19.0,15.249918032566601,-7.1249590162833005,0.0
3,48.6,0.0,0.0,19.0,0.0,0.0,19.0,28.15244216759889,-13.576221083799444,0.0
0,48.8,19.0,19.0,10.8,19.0,19.0,10.8,19.0,-9.0,0.0
1,48.8,19.0,0.0,10.8,19.0,0.0,10.8,19.0,-9.0,0.0
2,48.8,10.0,10.0,19.0,10.0,10.0,19.0,15.140673697032112,-7.070336848516056,0.0
3,48.8,0.0,0.0,19.0,0.0,0.0,19.0,28.09341559867721,-13.546707799338606,0.0
0,49.0,19.0,19.0,11.0,19.0,19.0,11.0,19.0,-9.0,0.0
1,49.0,19.0,0.0,11.0,19.0,0.0,11.0,19.0,-9.0,0.0
2,49.0,10.0,10.0,19.0,10.0,10.0,19.0,15.033296378372908,-7.016648189186454,0.0
3,49.0,0.0,0.0,19.0,0.0,0.0,19.0,28.035691537752374,-13.517845768876187,0.0
0,49.2,19.0,19.0,11.2,19.0,19.0,11.2,19.0,-9.0,0.0
1,49.2,19.0,0.0,11.2,19.0,0.0,11.2,19.0,-9.0,0.0
2,49.2,10.0,10.0,19.0,10.0,10.0,19.0,14.927826365549674,-6.963913182774837,0.0
3,49.2,0.0,0.0,19.0,0.0,0.0,19.0,27.97927804644001,-13.489639023220006,0.0
0,49.4,19.0,19.0,11.4,19.0,19.0,11.4,19.0,-9.0,0.0
1,49.4,19.0,0.0,11.4,19.0,0.0,11.4,19.0,-9.0,0.0
2,49.4,10.0,10.0,19.0,10.0,10.0,19.0,14.824304368165137,-6.912152184082569,0.0
3,49.4,0.0,0.0,19.0,0.0,0.0,19.0,27.92418306772823,-13.462091533864115,0.0
0,49.6,19.0,19.0,11.6,19.0,19.0,11.6,19.0,-9.0,0.0
1,49.6,19.0,0.0,11.6,19.0,0.0,11.6,19.0,-9.0,0.0
2,49.6,10.0,10.0,19.0,10.0,10.0,19.0,14.722771478223793,-6.861385739111896,0.0
3,49.6,0.0,0.0,19.0,0.0,0.0,19.0,27.870414421030773,-13.435207210515387,0.0
0,49.8,19.0,19.0,11.8,19.0,19.0,11.8,19.0,-9.0,0.0
1,49.8,19.0,0.0,11.8,19.0,0.0,11.8,19.0,-9.0,0.0
2,49.8,10.0,10.0,19.0,10.0,10.0,19.0,14.623269128344727,-6.811634564172364,0.0
3,49.8,0.0,0.0,19.0,0.0,0.0,19.0,27.81797979724624,-13.40898989862312,0.0
0,50.0,19.0,19.0,12.0,19.0,19.0,12.0,19.0,-9.0,0.0
1,50.0,19.0,0.0,12.0,19.0,0.0,12.0,19.0,-9.0,0.0
2,50.0,10.0,10.0,19.0,10.0,10.0,19.0,14.52583904633395,-6.762919523166975,0.0
3,50.0,0.0,0.0,19.0,0.0,0.0,19.0,27.76688675382964,-13.38344337691482,0.0
0,50.2,19.0,19.0,12.2,19.0,19.0,12.2,19.0,-9.0,0.0
1,50.2,19.0,0.0,12.2,19.0,0.0,12.2,19.0,-9.0,0.0
2,50.2,10.0,10.0,19.0,10.0,10.0,19.0,14.430523206037957,-6.715261603018979,0.0
3,50.2,0.0,0.0,19.0,0.0,0.0,19.0,27.717142709882634,-13.358571354941317,0.0
0,50.4,19.0,19.0,12.4,19.0,19.0,12.4,19.0,-9.0,0.0
1,50.4,19.0,0.0,12.4,19.0,0.0,12.4,19.0,-9.0,0.0
2,50.4,10.0,10.0,19.0,10.0,10.0,19.0,14.337363774418225,-6.668681887209113,0.0
3,50.4,0.0,0.0,19.0,0.0,0.0,19.0,27.66875494126904,-13.33437747063452,0.0
0,50.6,19.0,19.0,12.6,19.0,19.0,12.6,19.0,-9.0,0.0
1,50.6,19.0,0.0,12.6,19.0,0.0,12.6,19.0,-9.0,0.0
2,50.6,10.0,10.0,19.0,10.0,10.0,19.0,14.246403054806501,-6.623201527403251,0.0
3,50.6,0.0,0.0,19.0,0.0,0.0,19.0,27.621730575762268,-13.310865287881134,0.0
0,50.8,19.0,19.0,12.8,19.0,19.0,12.8,19.0,-9.0,0.0
1,50.8,19.0,0.0,12.8,19.0,0.0,12.8,19.0,-9.0,0.0
2,50.8,10.0,10.0,19.0,10.0,10.0,19.0,14.157683426323672,-6.578841713161836,0.0
3,50.8,0.0,0.0,19.0,0.0,0.0,19.0,27.576076588231327,-13.288038294115664,0.0
0,51.0,19.0,19.0,13.0,19.0,19.0,13.0,19.0,-9.0,0.0
1,51.0,19.0,0.0,13.0,19.0,0.0,13.0,19.0,-9.0,0.0
2,51.0,10.0,10.0,19.0,10.0,10.0,19.0,14.071247279470288,-6.535623639735144,0.0
3,51.0,0.0,0.0,19.0,0.0,0.0,19.0,27.53179979587241,-13.265899897936205,0.0
0,51.2,19.0,19.0,13.2,19.0,19.0,13.2,19.0,-9.0,0.0
1,51.2,19.0,0.0,13.2,19.0,0.0,13.2,19.0,-9.0,0.0
2,51.2,10.0,10.0,19.0,10.0,10.0,19.0,13.98713694792469,-6.493568473962345,0.0
3,51.2,0.0,0.0,19.0,0.0,0.0,19.0,27.488906853492736,-13.244453426746368,0.0
0,51.4,19.0,19.0,13.4,19.0,19.0,13.4,19.0,-9.0,0.0
1,51.4,19.0,0.0,13.4,19.0,0.0,13.4,19.0,-9.0,0.0
2,51.4,10.0,10.0,19.0,10.0,10.0,19.0,13.905394636614956,-6.452697318307478,0.0
3,51.4,0.0,0.0,19.0,0.0,0.0,19.0,27.447404248853843,-13.223702124426922,0.0
0,51.6,19.0,19.0,13.6,19.0,19.0,13.6,19.0,-9.0,0.0
1,51.6,19.0,0.0,13.6,19.0,0.0,13.6,19.0,-9.0,0.0
2,51.6,10.0,10.0,19.0,10.0,10.0,19.0,13.826062346163495,-6.413031173081747,0.0
3,51.6,0.0,0.0,19.0,0.0,0.0,19.0,27.407298298081116,-13.203649149040558,0.0
0,51.8,19.0,19.0,13.8,19.0,19.0,13.8,19.0,-9.0,0.0
1,51.8,19.0,0.0,13.8,19.0,0.0,13.8,19.0,-9.0,0.0
2,51.8,10.0,10.0,19.0,10.0,10.0,19.0,13.749181793837769,-6.3745908969188845,0.0
3,51.8,0.0,0.0,19.0,0.0,0.0,19.0,27.368595141146724,-13.184297570573362,0.0
0,52.0,19.0,19.0,14.0,19.0,19.0,14.0,19.0,-9.0,0.0
1,52.0,19.0,0.0,14.0,19.0,0.0,14.0,19.0,-9.0,0.0
2,52.0,10.0,10.0,19.0,10.0,10.0,19.0,13.674794331177344,-6.337397165588672,0.0
3,52.0,0.0,0.0,19.0,0.0,0.0,19.0,27.331300737432898,-13.165650368716449,0.0
0,52.2,19.0,19.0,14.2,19.0,19.0,14.2,19.0,-9.0,0.0
1,52.2,19.0,0.0,14.2,19.0,0.0,14.2,19.0,-9.0,0.0
2,52.2,10.0,10.0,19.0,10.0,10.0,19.0,13.602940858505562,-6.301470429252781,0.0
3,52.2,0.0,0.0,19.0,0.0,0.0,19.0,27.295420861382592,-13.147710430691296,0.0
0,52.4,19.0,19.0,14.4,19.0,19.0,14.4,19.0,-9.0,0.0
1,52.4,19.0,0.0,14.4,19.0,0.0,14.4,19.0,-9.0,0.0
2,52.4,10.0,10.0,19.0,10.0,10.0,19.0,13.533661736573734,-6.266830868286867,0.0
3,52.4,0.0,0.0,19.0,0.0,0.0,19.0,27.2609610982445,-13.13048054912225,0.0
0,52.6,19.0,19.0,14.6,19.0,19.0,14.6,19.0,-9.0,0.0
1,52.6,19.0,0.0,14.6,19.0,0.0,14.6,19.0,-9.0,0.0
2,52.6,10.0,10.0,19.0,10.0,10.0,19.0,13.46699669562594,-6.23349834781297,0.0
3,52.6,0.0,0.0,19.0,0.0,0.0,19.0,27.22792683991934,-13.11396341995967,0.0
0,52.8,19.0,19.0,14.8,19.0,19.0,14.8,19.0,-9.0,0.0
1,52.8,19.0,0.0,14.8,19.0,0.0,14.8,19.0,-9.0,0.0
2,52.8,10.0,10.0,19.0,10.0,10.0,19.0,13.402984742213205,-6.201492371106602,0.0
3,52.8,0.0,0.0,19.0,0.0,0.0,19.0,27.196323280914278,-13.098161640457139,0.0
0,53.0,19.0,19.0,15.0,19.0,19.0,15.0,19.0,-9.0,0.0
1,53.0,19.0,0.0,15.0,19.0,0.0,15.0,19.0,-9.0,0.0
2,53.0,10.0,10.0,19.0,10.0,10.0,19.0,13.341664064126334,-6.170832032063167,0.0
3,53.0,0.0,0.0,19.0,0.0,0.0,19.0,27.16615541441225,-13.083077707206124,0.0
0,53.2,19.0,19.0,15.2,19.0,19.0,15.2,19.0,-9.0,0.0
1,53.2,19.0,0.0,15.2,19.0,0.0,15.2,19.0,-9.0,0.0
2,53.2,10.0,10.0,19.0,10.0,10.0,19.0,13.283071933856265,-6.141535966928132,0.0
3,53.2,0.0,0.0,19.0,0.0,0.0,19.0,27.137428028462832,-13.068714014231416,0.0
0,53.4,19.0,19.0,15.4,19.0,19.0,15.4,19.0,-9.0,0.0
1,53.4,19.0,0.0,15.4,19.0,0.0,15.4,19.0,-9.0,0.0
2,53.4,10.0,10.0,19.0,10.0,10.0,19.0,13.227244611029162,-6.113622305514581,0.0
3,53.4,0.0,0.0,19.0,0.0,0.0,19.0,27.110145702301196,-13.055072851150598,0.0
0,53.6,19.0,19.0,15.6,19.0,19.0,15.6,19.0,-9.0,0.0
1,53.6,19.0,0.0,15.6,19.0,0.0,15.6,19.0,-9.0,0.0
2,53.6,10.0,10.0,19.0,10.0,10.0,19.0,13.174217244299564,-6.087108622149782,0.0
3,53.6,0.0,0.0,19.0,0.0,0.0,19.0,27.08431280280155,-13.042156401400774,0.0
0,53.8,19.0,19.0,15.8,19.0,19.0,15.8,19.0,-9.0,0.0
1,53.8,19.0,0.0,15.8,19.0,0.0,15.8,19.0,-9.0,0.0
2,53.8,10.0,10.0,19.0,10.0,10.0,19.0,13.124023773218335,-6.0620118866091675,0.0
3,53.8,0.0,0.0,19.0,0.0,0.0,19.0,27.059933481071234,-13.029966740535617,0.0
0,54.0,19.0,19.0,16.0,19.0,19.0,16.0,19.0,-9.0,0.0
1,54.0,19.0,0.0,16.0,19.0,0.0,16.0,19.0,-9.0,0.0
2,54.0,10.0,10.0,19.0,10.0,10.0,19.0,13.076696830622021,-6.0383484153110105,0.0
3,54.0,0.0,0.0,19.0,0.0,0.0,19.0,27.03701166919155,-13.018505834595775,0.0
0,54.2,19.0,19.0,16.2,19.0,19.0,16.2,19.0,-9.0,0.0
1,54.2,19.0,0.0,16.2,19.0,0.0,16.2,19.0,-9.0,0.0
2,54.2,10.0,10.0,19.0,10.0,10.0,19.0,13.032267646115928,-6.016133823057964,0.0
3,54.2,0.0,0.0,19.0,0.0,0.0,19.0,27.015551077111123,-13.007775538555562,0.0
0,54.4,19.0,19.0,16.4,19.0,19.0,16.4,19.0,-9.0,0.0
1,54.4,19.0,0.0,16.4,19.0,0.0,16.4,19.0,-9.0,0.0
2,54.4,10.0,10.0,19.0,10.0,10.0,19.0,12.990765951243985,-5.995382975621992,0.0
3,54.4,0.0,0.0,19.0,0.0,0.0,19.0,26.995555189697434,-12.997777594848717,0.0
0,54.6,19.0,19.0,16.6,19.0,19.0,16.6,19.0,-9.0,0.0
1,54.6,19.0,0.0,16.6,19.0,0.0,16.6,19.0,-9.0,0.0
2,54.6,10.0,10.0,19.0,10.0,10.0,19.0,12.952219886953742,-5.976109943476871,0.0
3,54.6,0.0,0.0,19.0,0.0,0.0,19.0,26.977027263951822,-12.988513631975911,0.0
0,54.8,19.0,19.0,16.8,19.0,19.0,16.8,19.0,-9.0,0.0
1,54.8,19.0,0.0,16.8,19.0,0.0,16.8,19.0,-9.0,0.0
2,54.8,10.0,10.0,19.0,10.0,10.0,19.0,12.916655913974019,-5.958327956987009,0.0
3,54.8,0.0,0.0,19.0,0.0,0.0,19.0,26.959970326393165,-12.979985163196583,0.0
0,55.0,19.0,19.0,17.0,19.0,19.0,17.0,19.0,-9.0,0.0
1,55.0,19.0,0.0,17.0,19.0,0.0,17.0,19.0,-9.0,0.0
2,55.0,10.0,10.0,19.0,10.0,10.0,19.0,12.884098726725126,-5.942049363362563,0.0
3,55.0,0.0,0.0,19.0,0.0,0.0,19.0,26.94438717061496,-12.97219358530748,0.0
0,55.2,19.0,19.0,17.2,19.0,19.0,17.2,19.0,-9.0,0.0
1,55.2,19.0,0.0,17.2,19.0,0.0,17.2,19.0,-9.0,0.0
2,55.2,10.0,10.0,19.0,10.0,10.0,19.0,12.854571171377131,-5.927285585688566,0.0
3,55.2,0.0,0.0,19.0,0.0,0.0,19.0,26.930280355020443,-12.965140177510222,0.0
0,55.4,19.0,19.0,17.4,19.0,19.0,17.4,19.0,-9.0,0.0
1,55.4,19.0,0.0,17.4,19.0,0.0,17.4,19.0,-9.0,0.0
2,55.4,10.0,10.0,19.0,10.0,10.0,19.0,12.82809416865966,-5.91404708432983,0.0
3,55.4,0.0,0.0,19.0,0.0,0.0,19.0,26.917652200739948,-12.958826100369974,0.0
0,55.6,19.0,19.0,17.6,19.0,19.0,17.6,19.0,-9.0,0.0
1,55.6,19.0,0.0,17.6,19.0,0.0,17.6,19.0,-9.0,0.0
2,55.6,10.0,10.0,19.0,10.0,10.0,19.0,12.804686642007294,-5.902343321003647,0.0
3,55.6,0.0,0.0,19.0,0.0,0.0,19.0,26.906504789734395,-12.953252394867198,0.0
0,55.8,19.0,19.0,17.8,19.0,19.0,17.8,19.0,-9.0,0.0
1,55.8,19.0,0.0,17.8,19.0,0.0,17.8,19.0,-9.0,0.0
2,55.8,10.0,10.0,19.0,10.0,10.0,19.0,12.784365451597509,-5.8921827257987545,0.0
3,55.8,0.0,0.0,19.0,0.0,0.0,19.0,26.896839963088603,-12.948419981544301,0.0
0,56.0,19.0,19.0,18.0,19.0,19.0,18.0,19.0,-9.0,0.0
1,56.0,19.0,0.0,18.0,19.0,0.0,18.0,19.0,-9.0,0.0
2,56.0,10.0,10.0,19.0,10.0,10.0,19.0,12.767145334803704,-5.883572667401852,0.0
3,56.0,0.0,0.0,19.0,0.0,0.0,19.0,26.888659319497503,-12.944329659748751,0.0
0,56.2,19.0,19.0,18.2,19.0,19.0,18.2,19.0,-9.0,0.0
1,56.2,19.0,0.0,18.2,19.0,0.0,18.2,19.0,-9.0,0.0
2,56.2,10.0,10.0,19.0,10.0,10.0,19.0,12.753038853543888,-5.876519426771944,0.0
3,56.2,0.0,0.0,19.0,0.0,0.0,19.0,26.881964213948354,-12.940982106974177,0.0
0,56.4,19.0,19.0,18.4,19.0,19.0,18.4,19.0,-9.0,0.0
1,56.4,19.0,0.0,18.4,19.0,0.0,18.4,19.0,-9.0,0.0
2,56.4,10.0,10.0,19.0,10.0,10.0,19.0,12.742056348957181,-5.871028174478591,0.0
3,56.4,0.0,0.0,19.0,0.0,0.0,19.0,26.87675575660128,-12.93837787830064,0.0
0,56.6,19.0,19.0,18.6,19.0,19.0,18.6,19.0,-9.0,0.0
1,56.6,19.0,0.0,18.6,19.0,0.0,18.6,19.0,-9.0,0.0
2,56.6,10.0,10.0,19.0,10.0,10.0,19.0,12.734205903785284,-5.867102951892642,0.0
3,56.6,0.0,0.0,19.0,0.0,0.0,19.0,26.87303481187043,-12.936517405935215,0.0
0,56.8,19.0,19.0,18.8,19.0,19.0,18.8,19.0,-9.0,0.0
1,56.8,19.0,0.0,18.8,19.0,0.0,18.8,19.0,-9.0,0.0
2,56.8,10.0,10.0,19.0,10.0,10.0,19.0,12.72949331277565,-5.864746656387825,0.0
3,56.8,0.0,0.0,19.0,0.0,0.0,19.0,26.870801997707474,-12.935400998853737,0.0
0,57.0,19.0,19.0,19.0,19.0,19.0,19.0,19.0,-9.0,0.0
1,57.0,19.0,0.0,19.0,19.0,0.0,19.0,19.0,-9.0,0.0
2,57.0,10.0,10.0,19.0,10.0,10.0,19.0,12.727922061357855,-5.863961030678928,0.0
3,57.0,0.0,0.0,19.0,0.0,0.0,19.0,26.870057685088806,-12.935028842544403,0.0
